tag,fault_type,severity,omega_step,load_profile,seed,speed_error_rms,speed_error_mean_abs,speed_error_max_abs,residual_energy_mean,current_residual_energy_mean,r_id_rms,r_iq_rms,r_omega_rms,control_effort_rms,control_effort_mean,pi_effort_rms,pi_effort_mean
20260301_204447_w40_lp0_seed0_healthy_r0,healthy,0.0,40.0,0,0,6.924063488005578,6.414820170916182,9.032290845705074,0.00030087305024487294,0.00020122879765109385,0.01002418497133003,0.01003715663480724,0.009982196781960323,8.205145309896695,8.198402724508442,1.485468014248031,1.4719434734559897
20260301_204447_w40_lp0_seed0_healthy_r1,healthy,0.0,40.0,0,0,6.923894126406831,6.414664760878513,9.034354704505432,0.0002965575254785893,0.00019678739416127323,0.00983892623643379,0.009999146197315447,0.009988499953312115,8.205145309896695,8.198402724508442,1.485468014248031,1.4719434734559897
20260301_204447_w40_lp0_seed0_healthy_r2,healthy,0.0,40.0,0,0,6.923925951743807,6.414688933258707,9.03545797588264,0.00029591595153927836,0.00019559356834200975,0.009869420889431523,0.009908990849186533,0.010016106189396586,8.205145309896695,8.198402724508442,1.485468014248031,1.4719434734559897
20260301_204447_w40_lp0_seed0_rs_drift_p02,rs_drift,0.02,40.0,0,0,6.930084009868151,6.424164147205339,9.034392120803197,0.018441878588103044,0.00032612897875292866,0.011121522773048648,0.014228166078644466,0.13459476070542312,8.232350774726044,8.225812807170687,1.5150703792210614,1.5012587238217279
20260301_204447_w40_lp0_seed0_rs_drift_p05,rs_drift,0.05,40.0,0,0,6.939153787186864,6.438193621589859,9.03755674036572,0.11355458811018203,0.0009862652308244041,0.01575385767408945,0.027167649865399417,0.3355120309010656,8.273170074416651,8.266928539846127,1.5594879306502232,1.5452343982831653
20260301_204447_w40_lp0_seed0_rs_drift_p08,rs_drift,0.08,40.0,0,0,6.948270633568351,6.452239370240954,9.040736790036053,0.29016209114166885,0.0022048284833581272,0.021921529288348843,0.04152439086871945,0.5366164949554857,8.314002615913981,8.308044986532032,1.6039219661643729,1.5892134397032398
20260301_204447_w40_lp0_seed0_rs_drift_p10,rs_drift,0.1,40.0,0,0,6.95437483459566,6.4616122787139,9.04286549771864,0.4531828676845881,0.003322685218899351,0.026373126094458525,0.05125566738327716,0.6707161713166672,8.341231624292767,8.335456338693639,1.6335536650779243,1.6185346757260552
20260301_204447_w40_lp0_seed0_rs_drift_p15,rs_drift,0.15,40.0,0,0,6.969728075843227,6.485076469068164,9.048218082859137,1.0192571194580549,0.00716676041056559,0.037999500153311376,0.07564917976200455,1.0060270170564454,8.409329572084246,8.403986037576487,1.7076639285638662,1.6918443481489513
20260301_204447_w40_lp0_seed0_rs_drift_p20,rs_drift,0.2,40.0,0,0,6.98521496334162,6.508586522312382,9.053615485768919,1.8118509359720025,0.012478113043164669,0.04995002171549132,0.09991550617289899,1.341407031041972,8.477463573642085,8.472517555310016,1.781817846335091,1.765163456974848
20260301_204447_w40_lp0_seed0_rs_drift_p30,rs_drift,0.3,40.0,0,0,7.0165954751353645,6.555745550429095,9.06578164213526,4.076900415452475,0.027356057435901023,0.07424222853800662,0.14779766215204967,2.0123479714046906,8.613838553310957,8.609585731522719,1.9302546464946952,1.9118301444620904
20260301_204447_w40_lp0_seed0_rs_drift_p40,rs_drift,0.4,40.0,0,0,7.048527854452635,6.603092057375139,9.078634727260042,7.248950852364908,0.04768956201654523,0.09880005335700803,0.19475140942544572,2.6835165902875207,8.750354528918447,8.746660248519778,2.0788621508694565,2.0585350484202407
20260301_204447_w40_lp0_seed0_ld_mismatch_m20,ld_mismatch,-0.2,40.0,0,0,6.924063488005578,6.414820170916182,9.032290845705074,0.00030087305024487294,0.00020122879765109385,0.01002418497133003,0.01003715663480724,0.009982196781960323,8.205145309896695,8.198402724508442,1.485468014248031,1.4719434734559897
20260301_204447_w40_lp0_seed0_ld_mismatch_m10,ld_mismatch,-0.1,40.0,0,0,6.924063488005578,6.414820170916182,9.032290845705074,0.00030087305024487294,0.00020122879765109385,0.01002418497133003,0.01003715663480724,0.009982196781960323,8.205145309896695,8.198402724508442,1.485468014248031,1.4719434734559897
20260301_204447_w40_lp0_seed0_ld_mismatch_m05,ld_mismatch,-0.05,40.0,0,0,6.924063488005578,6.414820170916182,9.032290845705074,0.00030087305024487294,0.00020122879765109385,0.01002418497133003,0.01003715663480724,0.009982196781960323,8.205145309896695,8.198402724508442,1.485468014248031,1.4719434734559897
20260301_204447_w40_lp0_seed0_ld_mismatch_p05,ld_mismatch,0.05,40.0,0,0,6.924063488005578,6.414820170916182,9.032290845705074,0.00030087305024487294,0.00020122879765109385,0.01002418497133003,0.01003715663480724,0.009982196781960323,8.205145309896695,8.198402724508442,1.485468014248031,1.4719434734559897
20260301_204447_w40_lp0_seed0_ld_mismatch_p10,ld_mismatch,0.1,40.0,0,0,6.924063488005578,6.414820170916182,9.032290845705074,0.00030087305024487294,0.00020122879765109385,0.01002418497133003,0.01003715663480724,0.009982196781960323,8.205145309896695,8.198402724508442,1.485468014248031,1.4719434734559897
20260301_204447_w40_lp0_seed0_ld_mismatch_p20,ld_mismatch,0.2,40.0,0,0,6.924063488005578,6.414820170916182,9.032290845705074,0.00030087305024487294,0.00020122879765109385,0.01002418497133003,0.01003715663480724,0.009982196781960323,8.205145309896695,8.198402724508442,1.485468014248031,1.4719434734559897
20260301_204447_w40_lp0_seed1_healthy_r0,healthy,0.0,40.0,0,1,6.923890043538278,6.4145962426227605,9.04279574570031,0.00030244389760102194,0.00020119147186952043,0.010068445284592773,0.009990889921357453,0.01006242643359451,8.205145309896695,8.198402724508442,1.485468014248031,1.4719434734559897
20260301_204447_w40_lp0_seed1_healthy_r1,healthy,0.0,40.0,0,1,6.923879841796873,6.414688300496282,9.037351529126557,0.0002991883759621528,0.0001994740603445572,0.010056144627987929,0.009917056799552312,0.00998570556433523,8.205145309896695,8.198402724508442,1.485468014248031,1.4719434734559897
20260301_204447_w40_lp0_seed1_healthy_r2,healthy,0.0,40.0,0,1,6.923950424283641,6.414707576201596,9.036309483532627,0.00030269693574118335,0.0002002875816315389,0.009952731689825084,0.01006134750129874,0.010119750694046,8.205145309896695,8.198402724508442,1.485468014248031,1.4719434734559897
20260301_204447_w40_lp0_seed1_rs_drift_p02,rs_drift,0.02,40.0,0,1,6.929910340877801,6.423940218911917,9.044852114971722,0.018406297917904914,0.00032808315995879036,0.011193174378058723,0.014240646309109711,0.1344552518793748,8.232350774726044,8.225812807170687,1.5150703792210614,1.5012587238217279
20260301_204447_w40_lp0_seed1_rs_drift_p05,rs_drift,0.05,40.0,0,1,6.93897978720826,6.437969693296436,9.047949182372069,0.11346336166380643,0.0009911016971609877,0.015837354092024167,0.027208085425564826,0.33536884167531933,8.273170074416651,8.266928539846127,1.5594879306502232,1.5452343982831653
20260301_204447_w40_lp0_seed1_rs_drift_p08,rs_drift,0.08,40.0,0,1,6.948096309515035,6.452015441947531,9.051061446360947,0.2900153166914898,0.0022124234589191074,0.022004553237739772,0.04157190271958433,0.5364726397800457,8.314002615913981,8.308044986532032,1.6039219661643729,1.5892134397032398
20260301_204447_w40_lp0_seed1_rs_drift_p10,rs_drift,0.1,40.0,0,1,6.9542002983095585,6.461388350420478,9.053144833065328,0.4529991155876939,0.0033320516989994507,0.026454592418849926,0.05130503132200563,0.6705721914072298,8.341231624292767,8.335456338693639,1.6335536650779243,1.6185346757260552
20260301_204447_w40_lp0_seed1_rs_drift_p15,rs_drift,0.15,40.0,0,1,6.9695530222282,6.484852540774741,9.05838365542995,1.0189811139270806,0.0071803251306789976,0.03807694408349552,0.07569987754244621,1.0058830890299335,8.409329572084246,8.403986037576487,1.7076639285638662,1.6918443481489513
20260301_204447_w40_lp0_seed1_rs_drift_p20,rs_drift,0.2,40.0,0,1,6.985039411144387,6.508362594018959,9.063666631877545,1.8114829506292742,0.012495556849104791,0.05002410249770789,0.09996572421787182,1.3412633573538677,8.477463573642085,8.472517555310016,1.781817846335091,1.765163456974848
20260301_204447_w40_lp0_seed1_rs_drift_p30,rs_drift,0.3,40.0,0,1,7.016418981065387,6.555521622135673,9.074369106461837,4.076349300249895,0.027380354456259488,0.07431110685585027,0.14784523615631953,2.0122049959667714,8.613838553310957,8.609585731522719,1.9302546464946952,1.9118301444620904
20260301_204447_w40_lp0_seed1_rs_drift_p40,rs_drift,0.4,40.0,0,1,7.048350490631589,6.602868129081716,9.08526065245832,7.24821773323682,0.04771959519865047,0.09886488605500374,0.19479560956033273,2.6833743939372625,8.750354528918447,8.746660248519778,2.0788621508694565,2.0585350484202407
20260301_204447_w40_lp0_seed1_ld_mismatch_m20,ld_mismatch,-0.2,40.0,0,1,6.923890043538278,6.4145962426227605,9.04279574570031,0.00030244389760102194,0.00020119147186952043,0.010068445284592773,0.009990889921357453,0.01006242643359451,8.205145309896695,8.198402724508442,1.485468014248031,1.4719434734559897
20260301_204447_w40_lp0_seed1_ld_mismatch_m10,ld_mismatch,-0.1,40.0,0,1,6.923890043538278,6.4145962426227605,9.04279574570031,0.00030244389760102194,0.00020119147186952043,0.010068445284592773,0.009990889921357453,0.01006242643359451,8.205145309896695,8.198402724508442,1.485468014248031,1.4719434734559897
20260301_204447_w40_lp0_seed1_ld_mismatch_m05,ld_mismatch,-0.05,40.0,0,1,6.923890043538278,6.4145962426227605,9.04279574570031,0.00030244389760102194,0.00020119147186952043,0.010068445284592773,0.009990889921357453,0.01006242643359451,8.205145309896695,8.198402724508442,1.485468014248031,1.4719434734559897
20260301_204447_w40_lp0_seed1_ld_mismatch_p05,ld_mismatch,0.05,40.0,0,1,6.923890043538278,6.4145962426227605,9.04279574570031,0.00030244389760102194,0.00020119147186952043,0.010068445284592773,0.009990889921357453,0.01006242643359451,8.205145309896695,8.198402724508442,1.485468014248031,1.4719434734559897
20260301_204447_w40_lp0_seed1_ld_mismatch_p10,ld_mismatch,0.1,40.0,0,1,6.923890043538278,6.4145962426227605,9.04279574570031,0.00030244389760102194,0.00020119147186952043,0.010068445284592773,0.009990889921357453,0.01006242643359451,8.205145309896695,8.198402724508442,1.485468014248031,1.4719434734559897
20260301_204447_w40_lp0_seed1_ld_mismatch_p20,ld_mismatch,0.2,40.0,0,1,6.923890043538278,6.4145962426227605,9.04279574570031,0.00030244389760102194,0.00020119147186952043,0.010068445284592773,0.009990889921357453,0.01006242643359451,8.205145309896695,8.198402724508442,1.485468014248031,1.4719434734559897
20260301_204447_w40_lp0_seed2_healthy_r0,healthy,0.0,40.0,0,2,6.923824940733171,6.414565523588255,9.038832836241333,0.0002983551021165812,0.000199829122158361,0.01005909396710436,0.009931956036920707,0.009926025385733213,8.205145309896695,8.198402724508442,1.485468014248031,1.4719434734559897
20260301_204447_w40_lp0_seed2_healthy_r1,healthy,0.0,40.0,0,2,6.923871295421391,6.414606983239793,9.03391612449855,0.0002985587776995008,0.00019887984432799156,0.009989484164300731,0.009954398548339146,0.009983933762375894,8.205145309896695,8.198402724508442,1.485468014248031,1.4719434734559897
20260301_204447_w40_lp0_seed2_healthy_r2,healthy,0.0,40.0,0,2,6.924013247286344,6.414792786333766,9.036920855335396,0.0003017731992199881,0.00020108888049163434,0.010051899093753982,0.010002409964634636,0.01003415759933806,8.205145309896695,8.198402724508442,1.485468014248031,1.4719434734559897
20260301_204447_w40_lp0_seed2_rs_drift_p02,rs_drift,0.02,40.0,0,2,6.929845317618508,6.4239094998774116,9.04123672354105,0.01837942795010373,0.0003264647515277583,0.011256818939415481,0.014133250825375431,0.13436131585607508,8.232350774726044,8.225812807170687,1.5150703792210614,1.5012587238217279
20260301_204447_w40_lp0_seed2_rs_drift_p05,rs_drift,0.05,40.0,0,2,6.938914881015866,6.4379389742619315,9.044856565202402,0.11340230209308678,0.0009891465126199842,0.01595925492425205,0.027100713918321803,0.3352807116141142,8.273170074416651,8.266928539846127,1.5594879306502232,1.5452343982831653
20260301_204447_w40_lp0_seed2_rs_drift_p08,rs_drift,0.08,40.0,0,2,6.948031517748712,6.451984722913026,9.048493410995512,0.28992004804238153,0.002210188992011436,0.022148364272360967,0.04146852965889,0.5363859236131856,8.314002615913981,8.308044986532032,1.6039219661643729,1.5892134397032398
20260301_204447_w40_lp0_seed2_rs_drift_p10,rs_drift,0.1,40.0,0,2,6.9541355813932295,6.461357631385972,9.05092752918528,0.4528810310369744,0.003329663294375259,0.0266056222901956,0.05120355609649301,0.6704859191232871,8.341231624292767,8.335456338693639,1.6335536650779243,1.6185346757260552
20260301_204447_w40_lp0_seed2_rs_drift_p15,rs_drift,0.15,40.0,0,2,6.969488487556904,6.484821821740236,9.057046743187449,1.0188059588364922,0.007177665643471075,0.03823715923524107,0.07560149004543425,1.005797342009324,8.409329572084246,8.403986037576487,1.7076639285638662,1.6918443481489513
20260301_204447_w40_lp0_seed2_rs_drift_p20,rs_drift,0.2,40.0,0,2,6.984975051975299,6.508331874984455,9.063215247944104,1.811250686335464,0.012492789479166422,0.05018891692682022,0.09986922497385851,1.3411778021039185,8.477463573642085,8.472517555310016,1.781817846335091,1.765163456974848
20260301_204447_w40_lp0_seed2_rs_drift_p30,rs_drift,0.3,40.0,0,2,7.016354953746137,6.555490903101167,9.07570442813098,4.0760027216984245,0.027377859093491042,0.07448135143070934,0.14775109942923004,2.0121194951107984,8.613838553310957,8.609585731522719,1.9302546464946952,1.9118301444620904
20260301_204447_w40_lp0_seed2_rs_drift_p40,rs_drift,0.4,40.0,0,2,7.04828677127016,6.60283741004721,9.088403957231716,7.247756733885204,0.04771800947315188,0.09903902313458059,0.1947030594769889,2.6832887888581896,8.750354528918447,8.746660248519778,2.0788621508694565,2.0585350484202407
20260301_204447_w40_lp0_seed2_ld_mismatch_m20,ld_mismatch,-0.2,40.0,0,2,6.923824940733171,6.414565523588255,9.038832836241333,0.0002983551021165812,0.000199829122158361,0.01005909396710436,0.009931956036920707,0.009926025385733213,8.205145309896695,8.198402724508442,1.485468014248031,1.4719434734559897
20260301_204447_w40_lp0_seed2_ld_mismatch_m10,ld_mismatch,-0.1,40.0,0,2,6.923824940733171,6.414565523588255,9.038832836241333,0.0002983551021165812,0.000199829122158361,0.01005909396710436,0.009931956036920707,0.009926025385733213,8.205145309896695,8.198402724508442,1.485468014248031,1.4719434734559897
20260301_204447_w40_lp0_seed2_ld_mismatch_m05,ld_mismatch,-0.05,40.0,0,2,6.923824940733171,6.414565523588255,9.038832836241333,0.0002983551021165812,0.000199829122158361,0.01005909396710436,0.009931956036920707,0.009926025385733213,8.205145309896695,8.198402724508442,1.485468014248031,1.4719434734559897
20260301_204447_w40_lp0_seed2_ld_mismatch_p05,ld_mismatch,0.05,40.0,0,2,6.923824940733171,6.414565523588255,9.038832836241333,0.0002983551021165812,0.000199829122158361,0.01005909396710436,0.009931956036920707,0.009926025385733213,8.205145309896695,8.198402724508442,1.485468014248031,1.4719434734559897
20260301_204447_w40_lp0_seed2_ld_mismatch_p10,ld_mismatch,0.1,40.0,0,2,6.923824940733171,6.414565523588255,9.038832836241333,0.0002983551021165812,0.000199829122158361,0.01005909396710436,0.009931956036920707,0.009926025385733213,8.205145309896695,8.198402724508442,1.485468014248031,1.4719434734559897
20260301_204447_w40_lp0_seed2_ld_mismatch_p20,ld_mismatch,0.2,40.0,0,2,6.923824940733171,6.414565523588255,9.038832836241333,0.0002983551021165812,0.000199829122158361,0.01005909396710436,0.009931956036920707,0.009926025385733213,8.205145309896695,8.198402724508442,1.485468014248031,1.4719434734559897
20260301_204447_w40_lp1_seed0_healthy_r0,healthy,0.0,40.0,1,0,6.601478558443376,6.421780554781868,7.772671904000092,0.00030087305024487234,0.00020122879765109385,0.01002418497133003,0.01003715663480724,0.009982196781960297,7.9991359684336665,7.9966659674547165,1.2826365418643484,1.2736819850221335
20260301_204447_w40_lp1_seed0_healthy_r1,healthy,0.0,40.0,1,0,6.601358733204613,6.4216251447441985,7.776908973866021,0.0002965575254785894,0.00019678739416127323,0.00983892623643379,0.009999146197315449,0.00998849995331212,7.9991359684336665,7.9966659674547165,1.2826365418643484,1.2736819850221335
20260301_204447_w40_lp1_seed0_healthy_r2,healthy,0.0,40.0,1,0,6.6013589780791495,6.421649317124392,7.768378073781861,0.00029591595153927815,0.00019559356834200975,0.009869420889431523,0.009908990849186531,0.010016106189396573,7.9991359684336665,7.9966659674547165,1.2826365418643484,1.2736819850221335
20260301_204447_w40_lp1_seed0_rs_drift_p02,rs_drift,0.02,40.0,1,0,6.608461109966777,6.429698236381238,7.778581638951998,0.014062589704477272,0.00027779941883811264,0.010693007286007847,0.01278510907342975,0.1174086465539875,8.022792159004315,8.020394173924936,1.3082593896722214,1.2990178850598904
20260301_204447_w40_lp1_seed0_rs_drift_p05,rs_drift,0.05,40.0,1,0,6.618982270532863,6.441588089246928,7.787488995748532,0.08622060520116592,0.0006842519684203648,0.013754599867153307,0.022250010132916144,0.2924659864544005,8.05828441154527,8.055988534789552,1.346709640265413,1.3370261714743699
20260301_204447_w40_lp1_seed0_rs_drift_p08,rs_drift,0.08,40.0,1,0,6.629560068307994,6.453494009316291,7.796448222819961,0.22024245019728741,0.0014369564705357446,0.018140425241982585,0.033284853050235715,0.4677664948740468,8.093786294379731,8.091585353282257,1.3851789150885652,1.3750397973975517
20260301_204447_w40_lp1_seed0_rs_drift_p10,rs_drift,0.1,40.0,1,0,6.6366433087616326,6.461440255012407,7.802699863456041,0.3439843450758221,0.0021291739214072437,0.021413983872086786,0.040873160094776755,0.5846838215261432,8.117459605798766,8.115317928882375,1.4108355983426701,1.4003851898515653
20260301_204447_w40_lp1_seed0_rs_drift_p15,rs_drift,0.15,40.0,1,0,6.654460833098444,6.48133742252238,7.820326560222881,0.7738285071258387,0.004518114429348784,0.030157971812344257,0.060071716851731766,0.8771034104918815,8.17666192140757,8.174654130275016,1.475013824945221,1.4637591222286834
20260301_204447_w40_lp1_seed0_rs_drift_p20,rs_drift,0.2,40.0,1,0,6.672434012178066,6.501279965525832,7.8381240035700515,1.3759899500407706,0.00783467224571036,0.039281402990412426,0.07931988164902401,1.1696816993503234,8.235891732727541,8.233997119511034,1.5392439372238849,1.5271480497741927
20260301_204447_w40_lp1_seed0_rs_drift_p30,rs_drift,0.3,40.0,1,0,6.708844043125732,6.541302689204362,7.874245041328173,3.0982129984150952,0.017191560066499686,0.05798523009817949,0.11759793007090247,1.7552838626127103,8.354435350538198,8.352703382317587,1.6678590378876503,1.6539712099504569
20260301_204447_w40_lp1_seed0_rs_drift_p40,rs_drift,0.4,40.0,1,0,6.745866868710474,6.581511479900352,7.911091560635448,5.512549134400046,0.030093031363826076,0.07698098218210041,0.15545726019104164,2.3414645209860043,8.473093477346282,8.47143655322407,1.796680371137556,1.7808552979409638
20260301_204447_w40_lp1_seed0_ld_mismatch_m20,ld_mismatch,-0.2,40.0,1,0,6.601478558443376,6.421780554781868,7.772671904000092,0.00030087305024487234,0.00020122879765109385,0.01002418497133003,0.01003715663480724,0.009982196781960297,7.9991359684336665,7.9966659674547165,1.2826365418643484,1.2736819850221335
20260301_204447_w40_lp1_seed0_ld_mismatch_m10,ld_mismatch,-0.1,40.0,1,0,6.601478558443376,6.421780554781868,7.772671904000092,0.00030087305024487234,0.00020122879765109385,0.01002418497133003,0.01003715663480724,0.009982196781960297,7.9991359684336665,7.9966659674547165,1.2826365418643484,1.2736819850221335
20260301_204447_w40_lp1_seed0_ld_mismatch_m05,ld_mismatch,-0.05,40.0,1,0,6.601478558443376,6.421780554781868,7.772671904000092,0.00030087305024487234,0.00020122879765109385,0.01002418497133003,0.01003715663480724,0.009982196781960297,7.9991359684336665,7.9966659674547165,1.2826365418643484,1.2736819850221335
20260301_204447_w40_lp1_seed0_ld_mismatch_p05,ld_mismatch,0.05,40.0,1,0,6.601478558443376,6.421780554781868,7.772671904000092,0.00030087305024487234,0.00020122879765109385,0.01002418497133003,0.01003715663480724,0.009982196781960297,7.9991359684336665,7.9966659674547165,1.2826365418643484,1.2736819850221335
20260301_204447_w40_lp1_seed0_ld_mismatch_p10,ld_mismatch,0.1,40.0,1,0,6.601478558443376,6.421780554781868,7.772671904000092,0.00030087305024487234,0.00020122879765109385,0.01002418497133003,0.01003715663480724,0.009982196781960297,7.9991359684336665,7.9966659674547165,1.2826365418643484,1.2736819850221335
20260301_204447_w40_lp1_seed0_ld_mismatch_p20,ld_mismatch,0.2,40.0,1,0,6.601478558443376,6.421780554781868,7.772671904000092,0.00030087305024487234,0.00020122879765109385,0.01002418497133003,0.01003715663480724,0.009982196781960297,7.9991359684336665,7.9966659674547165,1.2826365418643484,1.2736819850221335
20260301_204447_w40_lp1_seed1_healthy_r0,healthy,0.0,40.0,1,1,6.601344500789087,6.421556626488446,7.770741695551187,0.000302443897601022,0.00020119147186952043,0.010068445284592773,0.009990889921357453,0.010062426433594512,7.9991359684336665,7.9966659674547165,1.2826365418643484,1.2736819850221335
20260301_204447_w40_lp1_seed1_healthy_r1,healthy,0.0,40.0,1,1,6.601388344407555,6.421648684361967,7.770233679960462,0.00029918837596215305,0.00019947406034455717,0.010056144627987929,0.009917056799552312,0.009985705564335248,7.9991359684336665,7.9966659674547165,1.2826365418643484,1.2736819850221335
20260301_204447_w40_lp1_seed1_healthy_r2,healthy,0.0,40.0,1,1,6.601385128976882,6.421667960067281,7.7729768991555375,0.0003026969357411837,0.0002002875816315389,0.009952731689825084,0.01006134750129874,0.010119750694046015,7.9991359684336665,7.9966659674547165,1.2826365418643484,1.2736819850221335
20260301_204447_w40_lp1_seed1_rs_drift_p02,rs_drift,0.02,40.0,1,1,6.608326914652432,6.429474308087816,7.7775454786182365,0.014034175261507085,0.0002787320087795546,0.010751884466404594,0.012772195942775158,0.11728360180659327,8.022792159004315,8.020394173924936,1.3082593896722214,1.2990178850598904
20260301_204447_w40_lp1_seed1_rs_drift_p05,rs_drift,0.05,40.0,1,1,6.618847873761559,6.441364160953505,7.78779928450097,0.08614729630458969,0.0006865776495269125,0.01382015815011103,0.022261645901254293,0.29233665294496136,8.05828441154527,8.055988534789552,1.346709640265413,1.3370261714743699
20260301_204447_w40_lp1_seed1_rs_drift_p08,rs_drift,0.08,40.0,1,1,6.6294254760731555,6.453270081022868,7.798111463613516,0.22012434688152008,0.0014406026414819461,0.018204690888246028,0.03330453229134674,0.46763633759582673,8.093786294379731,8.091585353282257,1.3851789150885652,1.3750397973975517
20260301_204447_w40_lp1_seed1_rs_drift_p10,rs_drift,0.1,40.0,1,1,6.636508589521383,6.461216326718984,7.80501902565593,0.3438364343356375,0.0021336609627408114,0.02147643502162876,0.04089527725181197,0.5845534820466786,8.117459605798766,8.115317928882375,1.4108355983426701,1.4003851898515653
20260301_204447_w40_lp1_seed1_rs_drift_p15,rs_drift,0.15,40.0,1,1,6.654325807791672,6.481113494228957,7.822404186899298,0.7736062720515607,0.004524569500928897,0.030216025962835156,0.06009626673880974,0.8769730341068828,8.17666192140757,8.174654130275016,1.475013824945221,1.4637591222286834
20260301_204447_w40_lp1_seed1_rs_drift_p20,rs_drift,0.2,40.0,1,1,6.672298696956978,6.501056037232409,7.839958117655819,1.3756936681470386,0.007842910648537153,0.039335972556985246,0.07934476612564471,1.1695515198136857,8.235891732727541,8.233997119511034,1.5392439372238849,1.5271480497741927
20260301_204447_w40_lp1_seed1_rs_drift_p30,rs_drift,0.3,40.0,1,1,6.708708195517349,6.541078760910941,7.875586086970756,3.0977694568475034,0.01720284646456649,0.058034779745627464,0.11762147254835317,1.755154298169519,8.354435350538198,8.352703382317587,1.6678590378876503,1.6539712099504569
20260301_204447_w40_lp1_seed1_rs_drift_p40,rs_drift,0.4,40.0,1,1,6.745730550264633,6.581287551606928,7.911931298828108,5.511959449134261,0.03010673380296827,0.07702693815233567,0.15547856637441868,2.3413356690853395,8.473093477346282,8.47143655322407,1.796680371137556,1.7808552979409638
20260301_204447_w40_lp1_seed1_ld_mismatch_m20,ld_mismatch,-0.2,40.0,1,1,6.601344500789087,6.421556626488446,7.770741695551187,0.000302443897601022,0.00020119147186952043,0.010068445284592773,0.009990889921357453,0.010062426433594512,7.9991359684336665,7.9966659674547165,1.2826365418643484,1.2736819850221335
20260301_204447_w40_lp1_seed1_ld_mismatch_m10,ld_mismatch,-0.1,40.0,1,1,6.601344500789087,6.421556626488446,7.770741695551187,0.000302443897601022,0.00020119147186952043,0.010068445284592773,0.009990889921357453,0.010062426433594512,7.9991359684336665,7.9966659674547165,1.2826365418643484,1.2736819850221335
20260301_204447_w40_lp1_seed1_ld_mismatch_m05,ld_mismatch,-0.05,40.0,1,1,6.601344500789087,6.421556626488446,7.770741695551187,0.000302443897601022,0.00020119147186952043,0.010068445284592773,0.009990889921357453,0.010062426433594512,7.9991359684336665,7.9966659674547165,1.2826365418643484,1.2736819850221335
20260301_204447_w40_lp1_seed1_ld_mismatch_p05,ld_mismatch,0.05,40.0,1,1,6.601344500789087,6.421556626488446,7.770741695551187,0.000302443897601022,0.00020119147186952043,0.010068445284592773,0.009990889921357453,0.010062426433594512,7.9991359684336665,7.9966659674547165,1.2826365418643484,1.2736819850221335
20260301_204447_w40_lp1_seed1_ld_mismatch_p10,ld_mismatch,0.1,40.0,1,1,6.601344500789087,6.421556626488446,7.770741695551187,0.000302443897601022,0.00020119147186952043,0.010068445284592773,0.009990889921357453,0.010062426433594512,7.9991359684336665,7.9966659674547165,1.2826365418643484,1.2736819850221335
20260301_204447_w40_lp1_seed1_ld_mismatch_p20,ld_mismatch,0.2,40.0,1,1,6.601344500789087,6.421556626488446,7.770741695551187,0.000302443897601022,0.00020119147186952043,0.010068445284592773,0.009990889921357453,0.010062426433594512,7.9991359684336665,7.9966659674547165,1.2826365418643484,1.2736819850221335
20260301_204447_w40_lp1_seed2_healthy_r0,healthy,0.0,40.0,1,2,6.601266226933333,6.421525907453941,7.768122591149407,0.00029835510211658107,0.000199829122158361,0.01005909396710436,0.009931956036920707,0.009926025385733209,7.9991359684336665,7.9966659674547165,1.2826365418643484,1.2736819850221335
20260301_204447_w40_lp1_seed2_healthy_r1,healthy,0.0,40.0,1,2,6.601306337207978,6.421567367105478,7.777669393673449,0.00029855877769950086,0.00019887984432799156,0.009989484164300731,0.009954398548339146,0.009983933762375894,7.9991359684336665,7.9966659674547165,1.2826365418643484,1.2736819850221335
20260301_204447_w40_lp1_seed2_healthy_r2,healthy,0.0,40.0,1,2,6.6014568859079645,6.421753170199452,7.770244343334511,0.00030177319921998857,0.0002010888804916344,0.010051899093753982,0.010002409964634636,0.010034157599338086,7.9991359684336665,7.9966659674547165,1.2826365418643484,1.2736819850221335
20260301_204447_w40_lp1_seed2_rs_drift_p02,rs_drift,0.02,40.0,1,2,6.608248735569425,6.429443589053311,7.774321886687879,0.014009630843556928,0.0002771307791357627,0.01080781260058649,0.012661831065306732,0.11718575026180089,8.022792159004315,8.020394173924936,1.3082593896722214,1.2990178850598904
20260301_204447_w40_lp1_seed2_rs_drift_p05,rs_drift,0.05,40.0,1,2,6.61876983516453,6.441333441918999,7.784059713754672,0.08609203556255234,0.0006846408497903912,0.013939428479410406,0.02214346818946376,0.2922454357432498,8.05828441154527,8.055988534789552,1.346709640265413,1.3370261714743699
20260301_204447_w40_lp1_seed2_rs_drift_p08,rs_drift,0.08,40.0,1,2,6.629347575993358,6.453239361988363,7.794934614774867,0.22003833145563959,0.001438357952450921,0.018353306847542883,0.03318906567245992,0.46754676076643786,8.093786294379731,8.091585353282257,1.3851789150885652,1.3750397973975517
20260301_204447_w40_lp1_seed2_rs_drift_p10,rs_drift,0.1,40.0,1,2,6.636430780713566,6.461185607684479,7.802218843602397,0.3437298950261528,0.0021312265496774632,0.021635497926967458,0.040781512712620774,0.5844644287520631,8.117459605798766,8.115317928882375,1.4108355983426701,1.4003851898515653
20260301_204447_w40_lp1_seed2_rs_drift_p15,rs_drift,0.15,40.0,1,2,6.654248223496189,6.4810827751944515,7.820551039041803,0.7734483524304591,0.004521715558589757,0.030388496508716445,0.059985455224824985,0.876884620045231,8.17666192140757,8.174654130275016,1.475013824945221,1.4637591222286834
20260301_204447_w40_lp1_seed2_rs_drift_p20,rs_drift,0.2,40.0,1,2,6.672221332076363,6.501025318197905,7.839059759431741,1.3754842702714054,0.007839715636781677,0.039514746754018004,0.07923572695285568,1.169463361817985,8.235891732727541,8.233997119511034,1.5392439372238849,1.5271480497741927
20260301_204447_w40_lp1_seed2_rs_drift_p30,rs_drift,0.3,40.0,1,2,6.708631254832018,6.541048041876436,7.8766210100367005,3.0974568193231313,0.01719920263070728,0.058220000672474424,0.11751439976617487,1.7550662713106946,8.354435350538198,8.352703382317587,1.6678590378876503,1.6539712099504569
20260301_204447_w40_lp1_seed2_rs_drift_p40,rs_drift,0.4,40.0,1,2,6.745654015251539,6.581256832572423,7.914931806536231,5.511543204942468,0.030102943246145854,0.0772160394290255,0.1553725410136586,2.3412475865863316,8.473093477346282,8.47143655322407,1.796680371137556,1.7808552979409638
20260301_204447_w40_lp1_seed2_ld_mismatch_m20,ld_mismatch,-0.2,40.0,1,2,6.601266226933333,6.421525907453941,7.768122591149407,0.00029835510211658107,0.000199829122158361,0.01005909396710436,0.009931956036920707,0.009926025385733209,7.9991359684336665,7.9966659674547165,1.2826365418643484,1.2736819850221335
20260301_204447_w40_lp1_seed2_ld_mismatch_m10,ld_mismatch,-0.1,40.0,1,2,6.601266226933333,6.421525907453941,7.768122591149407,0.00029835510211658107,0.000199829122158361,0.01005909396710436,0.009931956036920707,0.009926025385733209,7.9991359684336665,7.9966659674547165,1.2826365418643484,1.2736819850221335
20260301_204447_w40_lp1_seed2_ld_mismatch_m05,ld_mismatch,-0.05,40.0,1,2,6.601266226933333,6.421525907453941,7.768122591149407,0.00029835510211658107,0.000199829122158361,0.01005909396710436,0.009931956036920707,0.009926025385733209,7.9991359684336665,7.9966659674547165,1.2826365418643484,1.2736819850221335
20260301_204447_w40_lp1_seed2_ld_mismatch_p05,ld_mismatch,0.05,40.0,1,2,6.601266226933333,6.421525907453941,7.768122591149407,0.00029835510211658107,0.000199829122158361,0.01005909396710436,0.009931956036920707,0.009926025385733209,7.9991359684336665,7.9966659674547165,1.2826365418643484,1.2736819850221335
20260301_204447_w40_lp1_seed2_ld_mismatch_p10,ld_mismatch,0.1,40.0,1,2,6.601266226933333,6.421525907453941,7.768122591149407,0.00029835510211658107,0.000199829122158361,0.01005909396710436,0.009931956036920707,0.009926025385733209,7.9991359684336665,7.9966659674547165,1.2826365418643484,1.2736819850221335
20260301_204447_w40_lp1_seed2_ld_mismatch_p20,ld_mismatch,0.2,40.0,1,2,6.601266226933333,6.421525907453941,7.768122591149407,0.00029835510211658107,0.000199829122158361,0.01005909396710436,0.009931956036920707,0.009926025385733209,7.9991359684336665,7.9966659674547165,1.2826365418643484,1.2736819850221335
20260301_204447_w40_lp2_seed0_healthy_r0,healthy,0.0,40.0,2,0,6.130096139847154,4.877855934237636,11.71815225639671,0.0003008730502448725,0.00020122879765109385,0.01002418497133003,0.01003715663480724,0.009982196781960304,8.580995425697532,8.558631484905147,1.4681847062669136,1.4526590130286043
20260301_204447_w40_lp2_seed0_healthy_r1,healthy,0.0,40.0,2,0,6.12973040747907,4.877495969464966,11.73233572435516,0.0002965575254785891,0.0001967873941612732,0.00983892623643379,0.009999146197315447,0.009988499953312104,8.580995425697532,8.558631484905147,1.4681847062669136,1.4526590130286043
20260301_204447_w40_lp2_seed0_healthy_r2,healthy,0.0,40.0,2,0,6.129852601853502,4.877642959626153,11.725490600796935,0.0002959159515392782,0.00019559356834200975,0.009869420889431523,0.009908990849186533,0.010016106189396575,8.580995425697532,8.558631484905147,1.4681847062669136,1.4526590130286043
20260301_204447_w40_lp2_seed0_rs_drift_p02,rs_drift,0.02,40.0,2,0,6.135701412292265,4.884977266602992,11.72029233479627,0.017565890437637007,0.00036583918010675933,0.011180563845444188,0.015518832823531078,0.13114896590339647,8.6077635369851,8.585706104348109,1.4972801578794739,1.48153780120134
20260301_204447_w40_lp2_seed0_rs_drift_p05,rs_drift,0.05,40.0,2,0,6.144109523444692,4.895650615860341,11.72349691604439,0.10805627100647466,0.001234498120263889,0.016005285146244375,0.031278250712776415,0.3268360030446627,8.647924761506637,8.626314747462061,1.5409274752154405,1.524853278239322
20260301_204447_w40_lp2_seed0_rs_drift_p08,rs_drift,0.08,40.0,2,0,6.152517599913031,4.9063186646633286,11.72669456604078,0.2760257397652842,0.0028370288331537223,0.022378386451270212,0.04833463202499144,0.5226745745988899,8.688096713323748,8.666919440068312,1.584579251978936,1.5681655222508055
20260301_204447_w40_lp2_seed0_rs_drift_p10,rs_drift,0.1,40.0,2,0,6.158122816027006,4.913434071308615,11.728822318541958,0.431031524857009,0.004306544804389595,0.02696340622850123,0.05982908597786211,0.6532419001048689,8.714883898633593,8.693987036881142,1.6136826708717102,1.5970385631480524
20260301_204447_w40_lp2_seed0_rs_drift_p15,rs_drift,0.15,40.0,2,0,6.172134645891818,4.931214304185894,11.734126913858557,0.9690604926805904,0.009357072570548495,0.038912660835363835,0.08856002143891134,0.9796445376308908,8.781872143359886,8.761648322302165,1.6864481656208425,1.6692149413676285
20260301_204447_w40_lp2_seed0_rs_drift_p20,rs_drift,0.2,40.0,2,0,6.186143738913427,4.948994651317158,11.739409081551734,1.721979849270068,0.01632989922037968,0.05117566479609695,0.11709376820760874,1.3060053407431718,8.848888857256153,8.829298581774637,1.759222400911174,1.7413824929724833
20260301_204447_w40_lp2_seed0_rs_drift_p30,rs_drift,0.3,40.0,2,0,6.214149096476119,4.9845267262458215,11.749899294066928,3.8718491916931983,0.03583582781543155,0.0760712420425909,0.17334645640891855,1.9585743192122598,8.983005383872335,8.964565977924495,1.9047929471180327,1.8856914709018056
20260301_204447_w40_lp2_seed0_rs_drift_p40,rs_drift,0.4,40.0,2,0,6.242130599331815,5.019991306469215,11.760278555576335,6.879382175593212,0.06244249002129005,0.10120700826833087,0.22847238673122855,2.6109269782151934,9.117229290782474,9.099789218303155,2.0503889758807192,2.0299662790700896
20260301_204447_w40_lp2_seed0_ld_mismatch_m20,ld_mismatch,-0.2,40.0,2,0,6.130096139847154,4.877855934237636,11.71815225639671,0.0003008730502448725,0.00020122879765109385,0.01002418497133003,0.01003715663480724,0.009982196781960304,8.580995425697532,8.558631484905147,1.4681847062669136,1.4526590130286043
20260301_204447_w40_lp2_seed0_ld_mismatch_m10,ld_mismatch,-0.1,40.0,2,0,6.130096139847154,4.877855934237636,11.71815225639671,0.0003008730502448725,0.00020122879765109385,0.01002418497133003,0.01003715663480724,0.009982196781960304,8.580995425697532,8.558631484905147,1.4681847062669136,1.4526590130286043
20260301_204447_w40_lp2_seed0_ld_mismatch_m05,ld_mismatch,-0.05,40.0,2,0,6.130096139847154,4.877855934237636,11.71815225639671,0.0003008730502448725,0.00020122879765109385,0.01002418497133003,0.01003715663480724,0.009982196781960304,8.580995425697532,8.558631484905147,1.4681847062669136,1.4526590130286043
20260301_204447_w40_lp2_seed0_ld_mismatch_p05,ld_mismatch,0.05,40.0,2,0,6.130096139847154,4.877855934237636,11.71815225639671,0.0003008730502448725,0.00020122879765109385,0.01002418497133003,0.01003715663480724,0.009982196781960304,8.580995425697532,8.558631484905147,1.4681847062669136,1.4526590130286043
20260301_204447_w40_lp2_seed0_ld_mismatch_p10,ld_mismatch,0.1,40.0,2,0,6.130096139847154,4.877855934237636,11.71815225639671,0.0003008730502448725,0.00020122879765109385,0.01002418497133003,0.01003715663480724,0.009982196781960304,8.580995425697532,8.558631484905147,1.4681847062669136,1.4526590130286043
20260301_204447_w40_lp2_seed0_ld_mismatch_p20,ld_mismatch,0.2,40.0,2,0,6.130096139847154,4.877855934237636,11.71815225639671,0.0003008730502448725,0.00020122879765109385,0.01002418497133003,0.01003715663480724,0.009982196781960304,8.580995425697532,8.558631484905147,1.4681847062669136,1.4526590130286043
20260301_204447_w40_lp2_seed1_healthy_r0,healthy,0.0,40.0,2,1,6.1297494651866105,4.877556088252026,11.718064848223943,0.0003024438976010221,0.00020119147186952043,0.010068445284592773,0.009990889921357455,0.010062426433594519,8.580995425697532,8.558631484905147,1.4681847062669136,1.4526590130286043
20260301_204447_w40_lp2_seed1_healthy_r1,healthy,0.0,40.0,2,1,6.129751759498672,4.877516615120334,11.72459782725975,0.00029918837596215305,0.0001994740603445572,0.010056144627987929,0.009917056799552312,0.009985705564335244,8.580995425697532,8.558631484905147,1.4681847062669136,1.4526590130286043
20260301_204447_w40_lp2_seed1_healthy_r2,healthy,0.0,40.0,2,1,6.129867493672393,4.877612538224816,11.718775333714198,0.00030269693574118357,0.0002002875816315389,0.009952731689825084,0.010061347501298742,0.010119750694046008,8.580995425697532,8.558631484905147,1.4681847062669136,1.4526590130286043
20260301_204447_w40_lp2_seed1_rs_drift_p02,rs_drift,0.02,40.0,2,1,6.1353544369695205,4.884670872675533,11.720204096548787,0.017525350894449714,0.0003674644411887033,0.011250065877494072,0.015520968363499322,0.13098811569474925,8.6077635369851,8.585706104348109,1.4972801578794739,1.48153780120134
20260301_204447_w40_lp2_seed1_rs_drift_p05,rs_drift,0.05,40.0,2,1,6.14376210381122,4.895344514762078,11.72340743986032,0.10795274956602348,0.0012385189582365761,0.016084475633122364,0.03130189454081125,0.32667144137158194,8.647924761506637,8.626314747462061,1.5409274752154405,1.524853278239322
20260301_204447_w40_lp2_seed1_rs_drift_p08,rs_drift,0.08,40.0,2,1,6.152169743938089,4.90601175761025,11.726603860702468,0.2758594573363921,0.002843329387163981,0.02245639770595103,0.04836361844647418,0.5225094524974914,8.688096713323748,8.666919440068312,1.584579251978936,1.5681655222508055
20260301_204447_w40_lp2_seed1_rs_drift_p10,rs_drift,0.1,40.0,2,1,6.157774673557058,4.9131267438541775,11.7287307987433,0.43082352480771385,0.0043143020203687005,0.027039723770928382,0.059859463401876485,0.6530767357572502,8.714883898633593,8.693987036881142,1.6136826708717102,1.5970385631480524
20260301_204447_w40_lp2_seed1_rs_drift_p15,rs_drift,0.15,40.0,2,1,6.171785802457592,4.93090735851619,11.734033375754663,0.9687486307896918,0.009368255993331864,0.03898499321195404,0.08859134437175993,0.979479644911705,8.781872143359886,8.761648322302165,1.6864481656208425,1.6692149413676285
20260301_204447_w40_lp2_seed1_rs_drift_p20,rs_drift,0.2,40.0,2,1,6.1857942161185715,4.948669295062183,11.739313551386736,1.7215647460217718,0.01634421100660059,0.05124484205707735,0.117124622386353,1.3058409302113223,8.848888857256153,8.829298581774637,1.759222400911174,1.7413824929724833
20260301_204447_w40_lp2_seed1_rs_drift_p30,rs_drift,0.3,40.0,2,1,6.213798278689328,4.984175972874346,11.74979986234056,3.8712294842141977,0.035855554519678506,0.07613573740941264,0.17337503859784278,1.9584110727052477,8.983005383872335,8.964565977924495,1.9047929471180327,1.8856914709018056
20260301_204447_w40_lp2_seed1_rs_drift_p40,rs_drift,0.4,40.0,2,1,6.241778569734324,5.019643210653554,11.760175338866713,6.878560399284569,0.062466598034885114,0.10126800284448195,0.2284981173549907,2.6107649839174885,9.117229290782474,9.099789218303155,2.0503889758807192,2.0299662790700896
20260301_204447_w40_lp2_seed1_ld_mismatch_m20,ld_mismatch,-0.2,40.0,2,1,6.1297494651866105,4.877556088252026,11.718064848223943,0.0003024438976010221,0.00020119147186952043,0.010068445284592773,0.009990889921357455,0.010062426433594519,8.580995425697532,8.558631484905147,1.4681847062669136,1.4526590130286043
20260301_204447_w40_lp2_seed1_ld_mismatch_m10,ld_mismatch,-0.1,40.0,2,1,6.1297494651866105,4.877556088252026,11.718064848223943,0.0003024438976010221,0.00020119147186952043,0.010068445284592773,0.009990889921357455,0.010062426433594519,8.580995425697532,8.558631484905147,1.4681847062669136,1.4526590130286043
20260301_204447_w40_lp2_seed1_ld_mismatch_m05,ld_mismatch,-0.05,40.0,2,1,6.1297494651866105,4.877556088252026,11.718064848223943,0.0003024438976010221,0.00020119147186952043,0.010068445284592773,0.009990889921357455,0.010062426433594519,8.580995425697532,8.558631484905147,1.4681847062669136,1.4526590130286043
20260301_204447_w40_lp2_seed1_ld_mismatch_p05,ld_mismatch,0.05,40.0,2,1,6.1297494651866105,4.877556088252026,11.718064848223943,0.0003024438976010221,0.00020119147186952043,0.010068445284592773,0.009990889921357455,0.010062426433594519,8.580995425697532,8.558631484905147,1.4681847062669136,1.4526590130286043
20260301_204447_w40_lp2_seed1_ld_mismatch_p10,ld_mismatch,0.1,40.0,2,1,6.1297494651866105,4.877556088252026,11.718064848223943,0.0003024438976010221,0.00020119147186952043,0.010068445284592773,0.009990889921357455,0.010062426433594519,8.580995425697532,8.558631484905147,1.4681847062669136,1.4526590130286043
20260301_204447_w40_lp2_seed1_ld_mismatch_p20,ld_mismatch,0.2,40.0,2,1,6.1297494651866105,4.877556088252026,11.718064848223943,0.0003024438976010221,0.00020119147186952043,0.010068445284592773,0.009990889921357455,0.010062426433594519,8.580995425697532,8.558631484905147,1.4681847062669136,1.4526590130286043
20260301_204447_w40_lp2_seed2_healthy_r0,healthy,0.0,40.0,2,2,6.129752897968911,4.877536971206218,11.721749335123057,0.00029835510211658107,0.00019982912215836098,0.01005909396710436,0.009931956036920707,0.009926025385733209,8.580995425697532,8.558631484905147,1.4681847062669136,1.4526590130286043
20260301_204447_w40_lp2_seed2_healthy_r1,healthy,0.0,40.0,2,2,6.129887329470231,4.877627899318598,11.722922302857768,0.00029855877769950054,0.00019887984432799156,0.009989484164300731,0.009954398548339146,0.009983933762375878,8.580995425697532,8.558631484905147,1.4681847062669136,1.4526590130286043
20260301_204447_w40_lp2_seed2_healthy_r2,healthy,0.0,40.0,2,2,6.130081374124082,4.877873919576928,11.71990812289329,0.0003017731992199886,0.00020108888049163434,0.010051899093753982,0.010002409964634636,0.010034157599338085,8.580995425697532,8.558631484905147,1.4681847062669136,1.4526590130286043
20260301_204447_w40_lp2_seed2_rs_drift_p02,rs_drift,0.02,40.0,2,2,6.135357960044799,4.884650808554862,11.723887752975223,0.017503451427651015,0.0003669440775852597,0.011311825243646633,0.015459194262394739,0.1309064832239632,8.6077635369851,8.585706104348109,1.4972801578794739,1.48153780120134
20260301_204447_w40_lp2_seed2_rs_drift_p05,rs_drift,0.05,40.0,2,2,6.143765759714342,4.895321626395122,11.727089857748481,0.10790409976523452,0.0012392913573935043,0.016201713185963102,0.03125373333272832,0.326595787492492,8.647924761506637,8.626314747462061,1.5409274752154405,1.524853278239322
20260301_204447_w40_lp2_seed2_rs_drift_p08,rs_drift,0.08,40.0,2,2,6.152173529609408,4.905994671312318,11.730285048828922,0.27578401756894944,0.0028454309924864215,0.022594032390511724,0.048321224041024964,0.5224352462999248,8.688096713323748,8.666919440068312,1.584579251978936,1.5681655222508055
20260301_204447_w40_lp2_seed2_rs_drift_p10,rs_drift,0.1,40.0,2,2,6.157778544080512,4.913111651476916,11.732411172001193,0.4307302037957459,0.004317310304829617,0.02718401594170489,0.05981922418512924,0.6530029812266681,8.714883898633593,8.693987036881142,1.6136826708717102,1.5970385631480524
20260301_204447_w40_lp2_seed2_rs_drift_p15,rs_drift,0.15,40.0,2,2,6.171789879467618,4.930889601293169,11.737711729675333,0.9686105349156351,0.009373603668282656,0.039137706824905125,0.08855418438882734,0.9794064178099673,8.781872143359886,8.761648322302165,1.6864481656208425,1.6692149413676285
20260301_204447_w40_lp2_seed2_rs_drift_p20,rs_drift,0.2,40.0,2,2,6.185798491822842,4.948653622321166,11.742989912197679,1.721381776298946,0.016352002406439515,0.051401745505734446,0.11708912402697026,1.305767886682969,8.848888857256153,8.829298581774637,1.759222400911174,1.7413824929724833
20260301_204447_w40_lp2_seed2_rs_drift_p30,rs_drift,0.3,40.0,2,2,6.21380292965615,4.9841568661829445,11.75347231944189,3.8709564804662486,0.03586854331055813,0.0762975544676522,0.17334135828709138,1.9583380548709384,8.983005383872335,8.964565977924495,1.9047929471180327,1.8856914709018056
20260301_204447_w40_lp2_seed2_rs_drift_p40,rs_drift,0.4,40.0,2,2,6.241783568341066,5.01963247205466,11.763844008767041,6.878196984280401,0.06248518226268479,0.10143332042888346,0.22846545421454037,2.6106918244055,9.117229290782474,9.099789218303155,2.0503889758807192,2.0299662790700896
20260301_204447_w40_lp2_seed2_ld_mismatch_m20,ld_mismatch,-0.2,40.0,2,2,6.129752897968911,4.877536971206218,11.721749335123057,0.00029835510211658107,0.00019982912215836098,0.01005909396710436,0.009931956036920707,0.009926025385733209,8.580995425697532,8.558631484905147,1.4681847062669136,1.4526590130286043
20260301_204447_w40_lp2_seed2_ld_mismatch_m10,ld_mismatch,-0.1,40.0,2,2,6.129752897968911,4.877536971206218,11.721749335123057,0.00029835510211658107,0.00019982912215836098,0.01005909396710436,0.009931956036920707,0.009926025385733209,8.580995425697532,8.558631484905147,1.4681847062669136,1.4526590130286043
20260301_204447_w40_lp2_seed2_ld_mismatch_m05,ld_mismatch,-0.05,40.0,2,2,6.129752897968911,4.877536971206218,11.721749335123057,0.00029835510211658107,0.00019982912215836098,0.01005909396710436,0.009931956036920707,0.009926025385733209,8.580995425697532,8.558631484905147,1.4681847062669136,1.4526590130286043
20260301_204447_w40_lp2_seed2_ld_mismatch_p05,ld_mismatch,0.05,40.0,2,2,6.129752897968911,4.877536971206218,11.721749335123057,0.00029835510211658107,0.00019982912215836098,0.01005909396710436,0.009931956036920707,0.009926025385733209,8.580995425697532,8.558631484905147,1.4681847062669136,1.4526590130286043
20260301_204447_w40_lp2_seed2_ld_mismatch_p10,ld_mismatch,0.1,40.0,2,2,6.129752897968911,4.877536971206218,11.721749335123057,0.00029835510211658107,0.00019982912215836098,0.01005909396710436,0.009931956036920707,0.009926025385733209,8.580995425697532,8.558631484905147,1.4681847062669136,1.4526590130286043
20260301_204447_w40_lp2_seed2_ld_mismatch_p20,ld_mismatch,0.2,40.0,2,2,6.129752897968911,4.877536971206218,11.721749335123057,0.00029835510211658107,0.00019982912215836098,0.01005909396710436,0.009931956036920707,0.009926025385733209,8.580995425697532,8.558631484905147,1.4681847062669136,1.4526590130286043
20260301_204447_w50_lp0_seed0_healthy_r0,healthy,0.0,50.0,0,0,5.232201910057221,4.591787512770291,7.2512592088312005,0.00030087305024487234,0.00020122879765109385,0.01002418497133003,0.01003715663480724,0.009982196781960297,10.590170900711733,10.584122551334888,1.4854641083153466,1.4753442581578657
20260301_204447_w50_lp0_seed0_healthy_r1,healthy,0.0,50.0,0,0,5.23202040573335,4.5915680463493835,7.245327915277727,0.0002965575254785894,0.00019678739416127317,0.00983892623643379,0.009999146197315449,0.009988499953312116,10.590170900711733,10.584122551334888,1.4854641083153466,1.4753442581578657
20260301_204447_w50_lp0_seed0_healthy_r2,healthy,0.0,50.0,0,0,5.232061615191341,4.591638432153084,7.252366134644433,0.00029591595153927815,0.00019559356834200975,0.009869420889431523,0.009908990849186533,0.010016106189396573,10.590170900711733,10.584122551334888,1.4854641083153466,1.4753442581578657
20260301_204447_w50_lp0_seed0_rs_drift_p02,rs_drift,0.02,50.0,0,0,5.236316446711336,4.598111788414176,7.251402952074443,0.018166881384356036,0.00033702808121685075,0.01145267510234914,0.01434797247756222,0.1335284737542491,10.617577438007089,10.61168675137187,1.5150943252594868,1.5047794742317335
20260301_204447_w50_lp0_seed0_rs_drift_p05,rs_drift,0.05,50.0,0,0,5.242538511493554,4.607696316308903,7.251621995009103,0.11183457825007763,0.0010535349680303088,0.017158761975538464,0.027551984601787295,0.33283786335398696,10.65869529872579,10.653034220143264,1.5595536577636167,1.548935670885981
20260301_204447_w50_lp0_seed0_rs_drift_p08,rs_drift,0.08,50.0,0,0,5.248821280544239,4.617424481521687,7.251845271007809,0.28575311256679314,0.0023754633670035516,0.024458774015459876,0.0421572264346721,0.5323322733028588,10.699822793046728,10.694383080000701,1.604029433732048,1.5930959280334887
20260301_204447_w50_lp0_seed0_rs_drift_p10,rs_drift,0.1,50.0,0,0,5.253043737081743,4.623982158401379,7.251996540851984,0.44628746313542433,0.003587788954403635,0.02964443804191408,0.052048018671057523,0.66535680216033,10.727246458652461,10.721949753260377,1.6336889163164652,1.6225383627400818
20260301_204447_w50_lp0_seed0_rs_drift_p15,rs_drift,0.15,50.0,0,0,5.263719645330091,4.640616446082125,7.252383484502779,1.0037059028955606,0.007755215464338366,0.04304759173735324,0.07682525828106614,0.997973289938775,10.795824239260067,10.790869093890576,1.707868415618157,1.6961524034076858
20260301_204447_w50_lp0_seed0_rs_drift_p20,rs_drift,0.2,50.0,0,0,5.274568304009168,4.657628809497922,7.252783486567189,1.78413932097346,0.013510789044979455,0.05671961469288403,0.10145774664396125,1.3306496653621795,10.864428531339941,10.85979218807585,1.782091157781117,1.769777862112132
20260301_204447_w50_lp0_seed0_rs_drift_p30,rs_drift,0.3,50.0,0,0,5.296792122618961,4.692885572873216,7.253625426152979,4.014261638558722,0.029622932375489807,0.08434879884990412,0.15002737252937617,1.9961559824280348,11.001716353822195,10.997649432561035,1.9306640850904566,1.9170633078744923
20260301_204447_w50_lp0_seed0_rs_drift_p40,rs_drift,0.4,50.0,0,0,5.319731519141038,4.7298477873375155,7.255336765429874,7.137096434002007,0.05162653878362653,0.11213712120483336,0.19761529503436479,2.6618545969339467,11.139109577404154,11.135521094410288,2.0794054962968245,2.06439524238396
20260301_204447_w50_lp0_seed0_ld_mismatch_m20,ld_mismatch,-0.2,50.0,0,0,5.232201910057221,4.591787512770291,7.2512592088312005,0.00030087305024487234,0.00020122879765109385,0.01002418497133003,0.01003715663480724,0.009982196781960297,10.590170900711733,10.584122551334888,1.4854641083153466,1.4753442581578657
20260301_204447_w50_lp0_seed0_ld_mismatch_m10,ld_mismatch,-0.1,50.0,0,0,5.232201910057221,4.591787512770291,7.2512592088312005,0.00030087305024487234,0.00020122879765109385,0.01002418497133003,0.01003715663480724,0.009982196781960297,10.590170900711733,10.584122551334888,1.4854641083153466,1.4753442581578657
20260301_204447_w50_lp0_seed0_ld_mismatch_m05,ld_mismatch,-0.05,50.0,0,0,5.232201910057221,4.591787512770291,7.2512592088312005,0.00030087305024487234,0.00020122879765109385,0.01002418497133003,0.01003715663480724,0.009982196781960297,10.590170900711733,10.584122551334888,1.4854641083153466,1.4753442581578657
20260301_204447_w50_lp0_seed0_ld_mismatch_p05,ld_mismatch,0.05,50.0,0,0,5.232201910057221,4.591787512770291,7.2512592088312005,0.00030087305024487234,0.00020122879765109385,0.01002418497133003,0.01003715663480724,0.009982196781960297,10.590170900711733,10.584122551334888,1.4854641083153466,1.4753442581578657
20260301_204447_w50_lp0_seed0_ld_mismatch_p10,ld_mismatch,0.1,50.0,0,0,5.232201910057221,4.591787512770291,7.2512592088312005,0.00030087305024487234,0.00020122879765109385,0.01002418497133003,0.01003715663480724,0.009982196781960297,10.590170900711733,10.584122551334888,1.4854641083153466,1.4753442581578657
20260301_204447_w50_lp0_seed0_ld_mismatch_p20,ld_mismatch,0.2,50.0,0,0,5.232201910057221,4.591787512770291,7.2512592088312005,0.00030087305024487234,0.00020122879765109385,0.01002418497133003,0.01003715663480724,0.009982196781960297,10.590170900711733,10.584122551334888,1.4854641083153466,1.4753442581578657
20260301_204447_w50_lp0_seed1_healthy_r0,healthy,0.0,50.0,0,1,5.232036787523744,4.591578462700137,7.252852307431034,0.000302443897601022,0.00020119147186952038,0.010068445284592773,0.009990889921357453,0.010062426433594512,10.590170900711733,10.584122551334888,1.4854641083153466,1.4753442581578657
20260301_204447_w50_lp0_seed1_healthy_r1,healthy,0.0,50.0,0,1,5.231992628105324,4.591485878825135,7.248670433452972,0.0002991883759621531,0.0001994740603445572,0.010056144627987929,0.009917056799552312,0.009985705564335248,10.590170900711733,10.584122551334888,1.4854641083153466,1.4753442581578657
20260301_204447_w50_lp0_seed1_healthy_r2,healthy,0.0,50.0,0,1,5.232085034548556,4.591690407946142,7.245434506320301,0.00030269693574118373,0.0002002875816315389,0.009952731689825084,0.01006134750129874,0.010119750694046019,10.590170900711733,10.584122551334888,1.4854641083153466,1.4753442581578657
20260301_204447_w50_lp0_seed1_rs_drift_p02,rs_drift,0.02,50.0,0,1,5.236150933155728,4.597903721118778,7.252981975111517,0.018131378877849713,0.00033900322269405937,0.011521354112214265,0.014361811240753124,0.13338806414052065,10.617577438007089,10.61168675137187,1.5150943252594868,1.5047794742317335
20260301_204447_w50_lp0_seed1_rs_drift_p05,rs_drift,0.05,50.0,0,1,5.242372419867348,4.607501902992317,7.253179841830722,0.11174354888084208,0.0010584170298208993,0.01723366503211238,0.02759380037946651,0.33269375084455854,10.65869529872579,10.653034220143264,1.5595536577636167,1.548935670885981
20260301_204447_w50_lp0_seed1_rs_drift_p08,rs_drift,0.08,50.0,0,1,5.248654620959566,4.617223333208784,7.2533818656244335,0.2856066562763958,0.0023831205881353905,0.024530914338053614,0.0422060994392335,0.5321875004998337,10.699822793046728,10.694383080000701,1.604029433732048,1.5930959280334887
20260301_204447_w50_lp0_seed1_rs_drift_p10,rs_drift,0.1,50.0,0,1,5.25287670445126,4.623780036149607,7.2535189248102725,0.4461041112183074,0.0035972244459052866,0.02971437089992568,0.05209875821866522,0.6652119111774849,10.727246458652461,10.721949753260377,1.6336889163164652,1.6225383627400818
20260301_204447_w50_lp0_seed1_rs_drift_p15,rs_drift,0.15,50.0,0,1,5.263551699549268,4.640421776548253,7.253870191636139,1.0034305075439496,0.007768851391728545,0.04311282537134507,0.07687740682559766,0.9978284703055034,10.795824239260067,10.790869093890576,1.707868415618157,1.6961524034076858
20260301_204447_w50_lp0_seed1_rs_drift_p20,rs_drift,0.2,50.0,0,1,5.274399472685661,4.657449886204245,7.254234299978172,1.783772163569754,0.013528286007729508,0.05678120348592234,0.10150951156625566,1.3305051212084924,10.864428531339941,10.85979218807585,1.782091157781117,1.769777862112132
20260301_204447_w50_lp0_seed1_rs_drift_p30,rs_drift,0.3,50.0,0,1,5.296621602005222,4.692708532068726,7.2550037893691055,4.0137118134654415,0.02964718963263637,0.08440482401120285,0.15007669811224605,1.9960121802816748,11.001716353822195,10.997649432561035,1.9306640850904566,1.9170633078744923
20260301_204447_w50_lp0_seed1_rs_drift_p40,rs_drift,0.4,50.0,0,1,5.3195594165290725,4.7296463084195315,7.255833138744293,7.136365108063549,0.05165637001594151,0.11218877925761447,0.19766144749198758,2.66171161812237,11.139109577404154,11.135521094410288,2.0794054962968245,2.06439524238396
20260301_204447_w50_lp0_seed1_ld_mismatch_m20,ld_mismatch,-0.2,50.0,0,1,5.232036787523744,4.591578462700137,7.252852307431034,0.000302443897601022,0.00020119147186952038,0.010068445284592773,0.009990889921357453,0.010062426433594512,10.590170900711733,10.584122551334888,1.4854641083153466,1.4753442581578657
20260301_204447_w50_lp0_seed1_ld_mismatch_m10,ld_mismatch,-0.1,50.0,0,1,5.232036787523744,4.591578462700137,7.252852307431034,0.000302443897601022,0.00020119147186952038,0.010068445284592773,0.009990889921357453,0.010062426433594512,10.590170900711733,10.584122551334888,1.4854641083153466,1.4753442581578657
20260301_204447_w50_lp0_seed1_ld_mismatch_m05,ld_mismatch,-0.05,50.0,0,1,5.232036787523744,4.591578462700137,7.252852307431034,0.000302443897601022,0.00020119147186952038,0.010068445284592773,0.009990889921357453,0.010062426433594512,10.590170900711733,10.584122551334888,1.4854641083153466,1.4753442581578657
20260301_204447_w50_lp0_seed1_ld_mismatch_p05,ld_mismatch,0.05,50.0,0,1,5.232036787523744,4.591578462700137,7.252852307431034,0.000302443897601022,0.00020119147186952038,0.010068445284592773,0.009990889921357453,0.010062426433594512,10.590170900711733,10.584122551334888,1.4854641083153466,1.4753442581578657
20260301_204447_w50_lp0_seed1_ld_mismatch_p10,ld_mismatch,0.1,50.0,0,1,5.232036787523744,4.591578462700137,7.252852307431034,0.000302443897601022,0.00020119147186952038,0.010068445284592773,0.009990889921357453,0.010062426433594512,10.590170900711733,10.584122551334888,1.4854641083153466,1.4753442581578657
20260301_204447_w50_lp0_seed1_ld_mismatch_p20,ld_mismatch,0.2,50.0,0,1,5.232036787523744,4.591578462700137,7.252852307431034,0.000302443897601022,0.00020119147186952038,0.010068445284592773,0.009990889921357453,0.010062426433594512,10.590170900711733,10.584122551334888,1.4854641083153466,1.4753442581578657
20260301_204447_w50_lp0_seed2_healthy_r0,healthy,0.0,50.0,0,2,5.231968963516418,4.591495707631318,7.247596797907249,0.00029835510211658107,0.00019982912215836098,0.01005909396710436,0.009931956036920707,0.009926025385733209,10.590170900711733,10.584122551334888,1.4854641083153466,1.4753442581578657
20260301_204447_w50_lp0_seed2_healthy_r1,healthy,0.0,50.0,0,2,5.232020419338971,4.591563760472628,7.251336686680723,0.00029855877769950086,0.00019887984432799156,0.009989484164300731,0.009954398548339145,0.009983933762375894,10.590170900711733,10.584122551334888,1.4854641083153466,1.4753442581578657
20260301_204447_w50_lp0_seed2_healthy_r2,healthy,0.0,50.0,0,2,5.232145009337237,4.591594056623448,7.246078920490767,0.0003017731992199886,0.00020108888049163434,0.010051899093753982,0.010002409964634636,0.010034157599338086,10.590170900711733,10.584122551334888,1.4854641083153466,1.4753442581578657
20260301_204447_w50_lp0_seed2_rs_drift_p02,rs_drift,0.02,50.0,0,2,5.236083211520364,4.597818180515317,7.247805037909785,0.018104927351230815,0.00033735049985849454,0.011583125498106627,0.014254181967184462,0.13329507437025692,10.617577438007089,10.61168675137187,1.5150943252594868,1.5047794742317335
20260301_204447_w50_lp0_seed2_rs_drift_p05,rs_drift,0.05,50.0,0,2,5.242304848890629,4.607399233498241,7.248121114327887,0.11168353364987495,0.001056376741222591,0.017345720281669752,0.02748640989894209,0.3326066098390895,10.65869529872579,10.653034220143264,1.5595536577636167,1.548935670885981
20260301_204447_w50_lp0_seed2_rs_drift_p08,rs_drift,0.08,50.0,0,2,5.248587197246135,4.617118733330944,7.2484417723168875,0.28551305601285965,0.002380751269012382,0.024660051325187393,0.042102650007469905,0.5321017804366447,10.699822793046728,10.694383080000701,1.604029433732048,1.5930959280334887
20260301_204447_w50_lp0_seed2_rs_drift_p10,rs_drift,0.1,50.0,0,2,5.252809377072224,4.623671471504868,7.248658158502131,0.4459881101879504,0.003594668715294575,0.02984903454846317,0.051997152343366146,0.6651266356662134,10.727246458652461,10.721949753260377,1.6336889163164652,1.6225383627400818
20260301_204447_w50_lp0_seed2_rs_drift_p15,rs_drift,0.15,50.0,0,2,5.263484606752482,4.640318387460795,7.249208581758452,1.0032584711928783,0.007765946251689658,0.04325469615256758,0.07677875690865746,0.9977437170642511,10.795824239260067,10.790869093890576,1.707868415618157,1.6961524034076858
20260301_204447_w50_lp0_seed2_rs_drift_p20,rs_drift,0.2,50.0,0,2,5.2743326058494615,4.657338893019804,7.249773058160443,1.7835440502599442,0.013525199383942862,0.05692695208462264,0.10141262993482587,1.3304205541391794,10.864428531339941,10.85979218807585,1.782091157781117,1.769777862112132
20260301_204447_w50_lp0_seed2_rs_drift_p30,rs_drift,0.3,50.0,0,2,5.296555162692521,4.692626136406184,7.250946985891353,4.013371444495265,0.02964424452594274,0.0845556352080621,0.14998196251717694,1.9959276539918278,11.001716353822195,10.997649432561035,1.9306640850904566,1.9170633078744923
20260301_204447_w50_lp0_seed2_rs_drift_p40,rs_drift,0.4,50.0,0,2,5.31949337446016,4.7295699297727465,7.253121543486358,7.13591237254752,0.05165422923940862,0.11234355689026294,0.19756810082767123,2.6616269729825235,11.139109577404154,11.135521094410288,2.0794054962968245,2.06439524238396
20260301_204447_w50_lp0_seed2_ld_mismatch_m20,ld_mismatch,-0.2,50.0,0,2,5.231968963516418,4.591495707631318,7.247596797907249,0.00029835510211658107,0.00019982912215836098,0.01005909396710436,0.009931956036920707,0.009926025385733209,10.590170900711733,10.584122551334888,1.4854641083153466,1.4753442581578657
20260301_204447_w50_lp0_seed2_ld_mismatch_m10,ld_mismatch,-0.1,50.0,0,2,5.231968963516418,4.591495707631318,7.247596797907249,0.00029835510211658107,0.00019982912215836098,0.01005909396710436,0.009931956036920707,0.009926025385733209,10.590170900711733,10.584122551334888,1.4854641083153466,1.4753442581578657
20260301_204447_w50_lp0_seed2_ld_mismatch_m05,ld_mismatch,-0.05,50.0,0,2,5.231968963516418,4.591495707631318,7.247596797907249,0.00029835510211658107,0.00019982912215836098,0.01005909396710436,0.009931956036920707,0.009926025385733209,10.590170900711733,10.584122551334888,1.4854641083153466,1.4753442581578657
20260301_204447_w50_lp0_seed2_ld_mismatch_p05,ld_mismatch,0.05,50.0,0,2,5.231968963516418,4.591495707631318,7.247596797907249,0.00029835510211658107,0.00019982912215836098,0.01005909396710436,0.009931956036920707,0.009926025385733209,10.590170900711733,10.584122551334888,1.4854641083153466,1.4753442581578657
20260301_204447_w50_lp0_seed2_ld_mismatch_p10,ld_mismatch,0.1,50.0,0,2,5.231968963516418,4.591495707631318,7.247596797907249,0.00029835510211658107,0.00019982912215836098,0.01005909396710436,0.009931956036920707,0.009926025385733209,10.590170900711733,10.584122551334888,1.4854641083153466,1.4753442581578657
20260301_204447_w50_lp0_seed2_ld_mismatch_p20,ld_mismatch,0.2,50.0,0,2,5.231968963516418,4.591495707631318,7.247596797907249,0.00029835510211658107,0.00019982912215836098,0.01005909396710436,0.009931956036920707,0.009926025385733209,10.590170900711733,10.584122551334888,1.4854641083153466,1.4753442581578657
20260301_204447_w50_lp1_seed0_healthy_r0,healthy,0.0,50.0,1,0,4.732416912904511,4.530697283150993,5.680831704118347,0.00030087305024487234,0.00020122879765109385,0.01002418497133003,0.01003715663480724,0.009982196781960296,10.382830080517227,10.381354597386567,1.2827385359775783,1.277082769724006
20260301_204447_w50_lp1_seed0_healthy_r1,healthy,0.0,50.0,1,0,4.732296885768954,4.530541873113325,5.678940701238332,0.0002965575254785894,0.00019678739416127323,0.00983892623643379,0.009999146197315447,0.00998849995331212,10.382830080517227,10.381354597386567,1.2827385359775783,1.277082769724006
20260301_204447_w50_lp1_seed0_healthy_r2,healthy,0.0,50.0,1,0,4.732296224421714,4.530566045493518,5.676473566815382,0.00029591595153927815,0.00019559356834200975,0.009869420889431523,0.009908990849186533,0.010016106189396573,10.382830080517227,10.381354597386567,1.2827385359775783,1.277082769724006
20260301_204447_w50_lp1_seed0_rs_drift_p02,rs_drift,0.02,50.0,1,0,4.738531304505223,4.538425778182582,5.684791279121377,0.013887405449214199,0.00028611677290470215,0.010924877486910966,0.01291370685747079,0.11662456292012201,10.406656032383836,10.40523889907563,1.3083910370610412,1.3025386354698931
20260301_204447_w50_lp1_seed0_rs_drift_p05,rs_drift,0.05,50.0,1,0,4.747767356603819,4.550031730240268,5.690764083125025,0.08512555189573659,0.0007356894544341448,0.014837901708518625,0.022705200446648446,0.2904993329446773,10.442401166069038,10.441067969417833,1.3468858343753953,1.340727444077176
20260301_204447_w50_lp1_seed0_rs_drift_p08,rs_drift,0.08,50.0,1,0,4.757080452166293,4.5616536086554085,5.697178215585581,0.21743651725190247,0.0015675720451193789,0.020197979473121765,0.034053100744612534,0.4646169876433524,10.478153820793153,10.47690018197429,1.3853997040504735,1.3789222857278036
20260301_204447_w50_lp1_seed0_rs_drift_p10,rs_drift,0.1,50.0,1,0,4.763331810683157,4.56941041743004,5.702424469568783,0.3395970142432943,0.002332226184694473,0.024113814976189488,0.04184196591926069,0.580745028440709,10.50199314379977,10.500790069867882,1.411086129084778,1.4043888768655859
20260301_204447_w50_lp1_seed0_rs_drift_p15,rs_drift,0.15,50.0,1,0,4.779108649004292,4.588833738130171,5.71564016684281,0.7639390354730625,0.004969457796508527,0.034415534627270705,0.06152258750107685,0.8711886005203202,10.561606404329613,10.560520903720311,1.4753387008562926,1.4680671774874168
20260301_204447_w50_lp1_seed0_rs_drift_p20,rs_drift,0.2,50.0,1,0,4.795096257124094,4.608302089823243,5.729001466584862,1.358376312808229,0.008627753865221289,0.04504657789442623,0.08123151903801061,1.1617867958205614,10.62124134397211,10.62026047651556,1.5396430808854054,1.531762454911474
20260301_204447_w50_lp1_seed0_rs_drift_p30,rs_drift,0.3,50.0,1,0,4.827697370802626,4.647375496251376,5.756174567654199,3.0584385152147537,0.018936727010254405,0.06667532389232773,0.12037910198247698,1.7434166995312679,10.740577864637116,10.739765862234007,1.668406294050329,1.6592043733628685
20260301_204447_w50_lp1_seed0_rs_drift_p40,rs_drift,0.4,50.0,1,0,4.8611223959497805,4.686633896412209,5.783972097225167,5.441590457185599,0.03313090420591239,0.08851504268170628,0.1590471358590531,2.325609501395212,10.86000593284278,10.859306272449292,1.7973750715494632,1.786715491904685
20260301_204447_w50_lp1_seed0_ld_mismatch_m20,ld_mismatch,-0.2,50.0,1,0,4.732416912904511,4.530697283150993,5.680831704118347,0.00030087305024487234,0.00020122879765109385,0.01002418497133003,0.01003715663480724,0.009982196781960296,10.382830080517227,10.381354597386567,1.2827385359775783,1.277082769724006
20260301_204447_w50_lp1_seed0_ld_mismatch_m10,ld_mismatch,-0.1,50.0,1,0,4.732416912904511,4.530697283150993,5.680831704118347,0.00030087305024487234,0.00020122879765109385,0.01002418497133003,0.01003715663480724,0.009982196781960296,10.382830080517227,10.381354597386567,1.2827385359775783,1.277082769724006
20260301_204447_w50_lp1_seed0_ld_mismatch_m05,ld_mismatch,-0.05,50.0,1,0,4.732416912904511,4.530697283150993,5.680831704118347,0.00030087305024487234,0.00020122879765109385,0.01002418497133003,0.01003715663480724,0.009982196781960296,10.382830080517227,10.381354597386567,1.2827385359775783,1.277082769724006
20260301_204447_w50_lp1_seed0_ld_mismatch_p05,ld_mismatch,0.05,50.0,1,0,4.732416912904511,4.530697283150993,5.680831704118347,0.00030087305024487234,0.00020122879765109385,0.01002418497133003,0.01003715663480724,0.009982196781960296,10.382830080517227,10.381354597386567,1.2827385359775783,1.277082769724006
20260301_204447_w50_lp1_seed0_ld_mismatch_p10,ld_mismatch,0.1,50.0,1,0,4.732416912904511,4.530697283150993,5.680831704118347,0.00030087305024487234,0.00020122879765109385,0.01002418497133003,0.01003715663480724,0.009982196781960296,10.382830080517227,10.381354597386567,1.2827385359775783,1.277082769724006
20260301_204447_w50_lp1_seed0_ld_mismatch_p20,ld_mismatch,0.2,50.0,1,0,4.732416912904511,4.530697283150993,5.680831704118347,0.00030087305024487234,0.00020122879765109385,0.01002418497133003,0.01003715663480724,0.009982196781960296,10.382830080517227,10.381354597386567,1.2827385359775783,1.277082769724006
20260301_204447_w50_lp1_seed1_healthy_r0,healthy,0.0,50.0,1,1,4.732301117572101,4.5304733548575715,5.683099463182984,0.000302443897601022,0.00020119147186952038,0.010068445284592773,0.009990889921357453,0.010062426433594514,10.382830080517227,10.381354597386567,1.2827385359775783,1.277082769724006
20260301_204447_w50_lp1_seed1_healthy_r1,healthy,0.0,50.0,1,1,4.732328381343569,4.530565412731093,5.675893545115407,0.00029918837596215305,0.0001994740603445572,0.010056144627987929,0.009917056799552312,0.009985705564335248,10.382830080517227,10.381354597386567,1.2827385359775783,1.277082769724006
20260301_204447_w50_lp1_seed1_healthy_r2,healthy,0.0,50.0,1,1,4.732322790149575,4.530584688436408,5.680755905163068,0.0003026969357411837,0.0002002875816315389,0.009952731689825084,0.01006134750129874,0.010119750694046015,10.382830080517227,10.381354597386567,1.2827385359775783,1.277082769724006
20260301_204447_w50_lp1_seed1_rs_drift_p02,rs_drift,0.02,50.0,1,1,4.7384152423215795,4.538201849889158,5.686950652184024,0.013858909277563497,0.00028705201225637554,0.010979172500393784,0.012903866996484907,0.11649831443118445,10.406656032383836,10.40523889907563,1.3083910370610412,1.3025386354698931
20260301_204447_w50_lp1_seed1_rs_drift_p05,rs_drift,0.05,50.0,1,1,4.747650902271579,4.549807801946846,5.692760178796199,0.08505204046449302,0.0007380153135885657,0.014892329500102662,0.022720779820440528,0.2903687744074842,10.442401166069038,10.441067969417833,1.3468858343753953,1.340727444077176
20260301_204447_w50_lp1_seed1_rs_drift_p08,rs_drift,0.08,50.0,1,1,4.756963615366904,4.561429680361986,5.6986095112009,0.21731809284976453,0.0015712083371953588,0.020247986439609865,0.03407678656118757,0.46448561281547696,10.478153820793153,10.47690018197429,1.3853997040504735,1.3789222857278036
20260301_204447_w50_lp1_seed1_rs_drift_p10,rs_drift,0.1,50.0,1,1,4.763214724243309,4.569186489136618,5.702531470362011,0.3394487046969664,0.0023366925133191728,0.02416102583445407,0.041868094582223535,0.5806134791611776,10.50199314379977,10.500790069867882,1.411086129084778,1.4043888768655859
20260301_204447_w50_lp1_seed1_rs_drift_p15,rs_drift,0.15,50.0,1,1,4.778990956962549,4.588609809836748,5.712416076291149,0.7637162121729822,0.00497585100058975,0.03445730095212514,0.061551160928811306,0.8710570366930013,10.561606404329613,10.560520903720311,1.4753387008562926,1.4680671774874168
20260301_204447_w50_lp1_seed1_rs_drift_p20,rs_drift,0.2,50.0,1,1,4.794977985589568,4.60807816152982,5.724399927224312,1.3580792607249337,0.008635869816478467,0.04508446536110108,0.08126045040228452,1.1616554527520004,10.62124134397211,10.62026047651556,1.5396430808854054,1.531762454911474
20260301_204447_w50_lp1_seed1_rs_drift_p30,rs_drift,0.3,50.0,1,1,4.827578016987206,4.647151567957954,5.7506230996914525,3.057993864344796,0.018947714932209418,0.06670778827775921,0.12040675195062388,1.7432860205406877,10.740577864637116,10.739765862234007,1.668406294050329,1.6592043733628685
20260301_204447_w50_lp1_seed1_rs_drift_p40,rs_drift,0.4,50.0,1,1,4.8610020593763466,4.686409968118785,5.779677807059905,5.440999360638694,0.033144064794584205,0.0885436014974314,0.15907261055394883,2.3254795840523115,10.86000593284278,10.859306272449292,1.7973750715494632,1.786715491904685
20260301_204447_w50_lp1_seed1_ld_mismatch_m20,ld_mismatch,-0.2,50.0,1,1,4.732301117572101,4.5304733548575715,5.683099463182984,0.000302443897601022,0.00020119147186952038,0.010068445284592773,0.009990889921357453,0.010062426433594514,10.382830080517227,10.381354597386567,1.2827385359775783,1.277082769724006
20260301_204447_w50_lp1_seed1_ld_mismatch_m10,ld_mismatch,-0.1,50.0,1,1,4.732301117572101,4.5304733548575715,5.683099463182984,0.000302443897601022,0.00020119147186952038,0.010068445284592773,0.009990889921357453,0.010062426433594514,10.382830080517227,10.381354597386567,1.2827385359775783,1.277082769724006
20260301_204447_w50_lp1_seed1_ld_mismatch_m05,ld_mismatch,-0.05,50.0,1,1,4.732301117572101,4.5304733548575715,5.683099463182984,0.000302443897601022,0.00020119147186952038,0.010068445284592773,0.009990889921357453,0.010062426433594514,10.382830080517227,10.381354597386567,1.2827385359775783,1.277082769724006
20260301_204447_w50_lp1_seed1_ld_mismatch_p05,ld_mismatch,0.05,50.0,1,1,4.732301117572101,4.5304733548575715,5.683099463182984,0.000302443897601022,0.00020119147186952038,0.010068445284592773,0.009990889921357453,0.010062426433594514,10.382830080517227,10.381354597386567,1.2827385359775783,1.277082769724006
20260301_204447_w50_lp1_seed1_ld_mismatch_p10,ld_mismatch,0.1,50.0,1,1,4.732301117572101,4.5304733548575715,5.683099463182984,0.000302443897601022,0.00020119147186952038,0.010068445284592773,0.009990889921357453,0.010062426433594514,10.382830080517227,10.381354597386567,1.2827385359775783,1.277082769724006
20260301_204447_w50_lp1_seed1_ld_mismatch_p20,ld_mismatch,0.2,50.0,1,1,4.732301117572101,4.5304733548575715,5.683099463182984,0.000302443897601022,0.00020119147186952038,0.010068445284592773,0.009990889921357453,0.010062426433594514,10.382830080517227,10.381354597386567,1.2827385359775783,1.277082769724006
20260301_204447_w50_lp1_seed2_healthy_r0,healthy,0.0,50.0,1,2,4.732212195412793,4.530442635823066,5.678840599728197,0.00029835510211658107,0.000199829122158361,0.01005909396710436,0.009931956036920707,0.009926025385733209,10.382830080517227,10.381354597386567,1.2827385359775783,1.277082769724006
20260301_204447_w50_lp1_seed2_healthy_r1,healthy,0.0,50.0,1,2,4.732257214983608,4.530484095474603,5.6780266008944835,0.00029855877769950086,0.00019887984432799156,0.009989484164300731,0.009954398548339146,0.009983933762375894,10.382830080517227,10.381354597386567,1.2827385359775783,1.277082769724006
20260301_204447_w50_lp1_seed2_healthy_r2,healthy,0.0,50.0,1,2,4.732397278855614,4.5306698985685765,5.678557014442475,0.0003017731992199885,0.00020108888049163434,0.010051899093753982,0.010002409964634635,0.010034157599338083,10.382830080517227,10.381354597386567,1.2827385359775783,1.277082769724006
20260301_204447_w50_lp1_seed2_rs_drift_p02,rs_drift,0.02,50.0,1,2,4.738326472349112,4.5381711308546535,5.683517258895783,0.013834753014042718,0.00028543315340023476,0.01103539012925815,0.012792705659683825,0.11640154578287387,10.406656032383836,10.40523889907563,1.3083910370610412,1.3025386354698931
20260301_204447_w50_lp1_seed2_rs_drift_p05,rs_drift,0.05,50.0,1,2,4.747562358320726,4.549777082912341,5.6905703332968685,0.0849977483698768,0.0007360356895035348,0.01500579330150642,0.022602253358813586,0.29027868106420296,10.442401166069038,10.441067969417833,1.3468858343753953,1.340727444077176
20260301_204447_w50_lp1_seed2_rs_drift_p08,rs_drift,0.08,50.0,1,2,4.756875294780031,4.561398961327481,5.697669681333139,0.21723362469865642,0.0015688972990584454,0.020384984082483754,0.03396100297422514,0.464397165580926,10.478153820793153,10.47690018197429,1.3853997040504735,1.3789222857278036
20260301_204447_w50_lp1_seed2_rs_drift_p10,rs_drift,0.1,50.0,1,2,4.7631265511174705,4.569155770102113,5.702428609386573,0.33934409748920996,0.0023341770820596514,0.02430601354330155,0.041753979303684255,0.5805255553437336,10.50199314379977,10.500790069867882,1.411086129084778,1.4043888768655859
20260301_204447_w50_lp1_seed2_rs_drift_p15,rs_drift,0.15,50.0,1,2,4.778903147537526,4.588579090802243,5.714418466944274,0.7635611839171413,0.004972883243367727,0.03461246870335948,0.06143989138683993,0.8709697472781552,10.561606404329613,10.560520903720311,1.4753387008562926,1.4680671774874168
20260301_204447_w50_lp1_seed2_rs_drift_p20,rs_drift,0.2,50.0,1,2,4.794890532981193,4.608047442495315,5.726543034160997,1.357873710110125,0.00863253420024515,0.04524459257162254,0.08115085362011312,1.1615684120661511,10.62124134397211,10.62026047651556,1.5396430808854054,1.531762454911474
20260301_204447_w50_lp1_seed2_rs_drift_p30,rs_drift,0.3,50.0,1,2,4.827491258233266,4.647120848923447,5.7512092662624354,3.0576869782843996,0.0189438967023621,0.06687345018296587,0.1202989541225878,1.7431990940744655,10.740577864637116,10.739765862234007,1.668406294050329,1.6592043733628685
20260301_204447_w50_lp1_seed2_rs_drift_p40,rs_drift,0.4,50.0,1,2,4.860915969406768,4.686379249084282,5.777117358627443,5.440590764889557,0.033140094257567185,0.08871298734131709,0.15896571999820117,2.3253925841956216,10.86000593284278,10.859306272449292,1.7973750715494632,1.786715491904685
20260301_204447_w50_lp1_seed2_ld_mismatch_m20,ld_mismatch,-0.2,50.0,1,2,4.732212195412793,4.530442635823066,5.678840599728197,0.00029835510211658107,0.000199829122158361,0.01005909396710436,0.009931956036920707,0.009926025385733209,10.382830080517227,10.381354597386567,1.2827385359775783,1.277082769724006
20260301_204447_w50_lp1_seed2_ld_mismatch_m10,ld_mismatch,-0.1,50.0,1,2,4.732212195412793,4.530442635823066,5.678840599728197,0.00029835510211658107,0.000199829122158361,0.01005909396710436,0.009931956036920707,0.009926025385733209,10.382830080517227,10.381354597386567,1.2827385359775783,1.277082769724006
20260301_204447_w50_lp1_seed2_ld_mismatch_m05,ld_mismatch,-0.05,50.0,1,2,4.732212195412793,4.530442635823066,5.678840599728197,0.00029835510211658107,0.000199829122158361,0.01005909396710436,0.009931956036920707,0.009926025385733209,10.382830080517227,10.381354597386567,1.2827385359775783,1.277082769724006
20260301_204447_w50_lp1_seed2_ld_mismatch_p05,ld_mismatch,0.05,50.0,1,2,4.732212195412793,4.530442635823066,5.678840599728197,0.00029835510211658107,0.000199829122158361,0.01005909396710436,0.009931956036920707,0.009926025385733209,10.382830080517227,10.381354597386567,1.2827385359775783,1.277082769724006
20260301_204447_w50_lp1_seed2_ld_mismatch_p10,ld_mismatch,0.1,50.0,1,2,4.732212195412793,4.530442635823066,5.678840599728197,0.00029835510211658107,0.000199829122158361,0.01005909396710436,0.009931956036920707,0.009926025385733209,10.382830080517227,10.381354597386567,1.2827385359775783,1.277082769724006
20260301_204447_w50_lp1_seed2_ld_mismatch_p20,ld_mismatch,0.2,50.0,1,2,4.732212195412793,4.530442635823066,5.678840599728197,0.00029835510211658107,0.000199829122158361,0.01005909396710436,0.009931956036920707,0.009926025385733209,10.382830080517227,10.381354597386567,1.2827385359775783,1.277082769724006
20260301_204447_w50_lp2_seed0_healthy_r0,healthy,0.0,50.0,2,0,5.076408244601286,4.140083148127539,10.250769530249514,0.00030087305024487234,0.00020122879765109385,0.01002418497133003,0.01003715663480724,0.009982196781960297,10.964496154188565,10.94427458282169,1.4701387095215208,1.4560597977304781
20260301_204447_w50_lp2_seed0_healthy_r1,healthy,0.0,50.0,2,0,5.076010526102675,4.1398552494285115,10.265128569615335,0.00029655752547858943,0.00019678739416127323,0.00983892623643379,0.009999146197315447,0.00998849995331212,10.964496154188565,10.94427458282169,1.4701387095215208,1.4560597977304781
20260301_204447_w50_lp2_seed0_healthy_r2,healthy,0.0,50.0,2,0,5.076157150915431,4.13988258471134,10.258461761704275,0.00029591595153927815,0.00019559356834200975,0.009869420889431523,0.009908990849186533,0.010016106189396575,10.964496154188565,10.94427458282169,1.4701387095215208,1.4560597977304781
20260301_204447_w50_lp2_seed0_rs_drift_p02,rs_drift,0.02,50.0,2,0,5.079881683261561,4.144025429769003,10.252486177619403,0.01736271421627385,0.0003792101956479659,0.01160403549746984,0.015638304122296186,0.13032077355750266,10.991485120097362,10.971502571318505,1.499306632090618,1.485058551611348
20260301_204447_w50_lp2_seed0_rs_drift_p05,rs_drift,0.05,50.0,2,0,5.085092812431943,4.149938286775348,10.255052713001511,0.10678676085236784,0.001317040243299731,0.017773920477330615,0.03164060672877905,0.32476102076614444,11.031974673119297,11.012341852107165,1.543062802331461,1.5285545508421234
20260301_204447_w50_lp2_seed0_rs_drift_p08,rs_drift,0.08,50.0,2,0,5.090304723178231,4.155830330046443,10.25760881359691,0.2727736112996616,0.003046472926339814,0.025552071102782136,0.04892406962526912,0.51935261467843,11.072471472780352,11.053177887742098,1.5868235514269646,1.572048010581059
20260301_204447_w50_lp2_seed0_rs_drift_p10,rs_drift,0.1,50.0,2,0,5.093779557875647,4.159753343357948,10.259306906495837,0.42594732677274133,0.004632019299704989,0.03104770290736183,0.06056450646939332,0.6490880583349506,11.099473324082439,11.08040010761995,1.6159996581301808,1.6010422501620816
20260301_204447_w50_lp2_seed0_rs_drift_p15,rs_drift,0.15,50.0,2,0,5.102466573505557,4.169548504473193,10.263530432957097,0.9576047063259954,0.010079950238859096,0.0452044617602445,0.08964656644749809,0.9734088329613289,11.166991732937248,11.148449342292139,1.688946915795116,1.673522996626371
20260301_204447_w50_lp2_seed0_rs_drift_p20,rs_drift,0.2,50.0,2,0,5.111152071900331,4.17932460901917,10.267721542972083,1.7015848381638277,0.01759917520407689,0.059610712860070886,0.11851471687681268,1.2976847317279148,11.234529567164188,11.216489558765163,1.7619028485264765,1.7459968981097627
20260301_204447_w50_lp2_seed0_rs_drift_p30,rs_drift,0.3,50.0,2,0,5.128511954761041,4.198738832031585,10.275999151800114,3.8258344150341816,0.038624905003914294,0.08867000493509199,0.1753925175961764,1.9460754122156385,11.369662364887935,11.352542993984592,1.9078361580744143,1.890924634314208
20260301_204447_w50_lp2_seed0_rs_drift_p40,rs_drift,0.4,50.0,2,0,5.145847242621597,4.218035793145389,10.28412427715832,6.797370158591916,0.06729067638447503,0.11784516683739692,0.23109130887495774,2.594239673239048,11.504869742566019,11.488560615786753,2.053793716426163,2.03582647303382
20260301_204447_w50_lp2_seed0_ld_mismatch_m20,ld_mismatch,-0.2,50.0,2,0,5.076408244601286,4.140083148127539,10.250769530249514,0.00030087305024487234,0.00020122879765109385,0.01002418497133003,0.01003715663480724,0.009982196781960297,10.964496154188565,10.94427458282169,1.4701387095215208,1.4560597977304781
20260301_204447_w50_lp2_seed0_ld_mismatch_m10,ld_mismatch,-0.1,50.0,2,0,5.076408244601286,4.140083148127539,10.250769530249514,0.00030087305024487234,0.00020122879765109385,0.01002418497133003,0.01003715663480724,0.009982196781960297,10.964496154188565,10.94427458282169,1.4701387095215208,1.4560597977304781
20260301_204447_w50_lp2_seed0_ld_mismatch_m05,ld_mismatch,-0.05,50.0,2,0,5.076408244601286,4.140083148127539,10.250769530249514,0.00030087305024487234,0.00020122879765109385,0.01002418497133003,0.01003715663480724,0.009982196781960297,10.964496154188565,10.94427458282169,1.4701387095215208,1.4560597977304781
20260301_204447_w50_lp2_seed0_ld_mismatch_p05,ld_mismatch,0.05,50.0,2,0,5.076408244601286,4.140083148127539,10.250769530249514,0.00030087305024487234,0.00020122879765109385,0.01002418497133003,0.01003715663480724,0.009982196781960297,10.964496154188565,10.94427458282169,1.4701387095215208,1.4560597977304781
20260301_204447_w50_lp2_seed0_ld_mismatch_p10,ld_mismatch,0.1,50.0,2,0,5.076408244601286,4.140083148127539,10.250769530249514,0.00030087305024487234,0.00020122879765109385,0.01002418497133003,0.01003715663480724,0.009982196781960297,10.964496154188565,10.94427458282169,1.4701387095215208,1.4560597977304781
20260301_204447_w50_lp2_seed0_ld_mismatch_p20,ld_mismatch,0.2,50.0,2,0,5.076408244601286,4.140083148127539,10.250769530249514,0.00030087305024487234,0.00020122879765109385,0.01002418497133003,0.01003715663480724,0.009982196781960297,10.964496154188565,10.94427458282169,1.4701387095215208,1.4560597977304781
20260301_204447_w50_lp2_seed1_healthy_r0,healthy,0.0,50.0,2,1,5.076055994309093,4.139789666733277,10.250788596272294,0.000302443897601022,0.00020119147186952038,0.010068445284592773,0.009990889921357453,0.010062426433594514,10.964496154188565,10.94427458282169,1.4701387095215208,1.4560597977304781
20260301_204447_w50_lp2_seed1_healthy_r1,healthy,0.0,50.0,2,1,5.076027164072006,4.139823998615177,10.2581039493924,0.00029918837596215316,0.0001994740603445572,0.010056144627987929,0.009917056799552312,0.009985705564335248,10.964496154188565,10.94427458282169,1.4701387095215208,1.4560597977304781
20260301_204447_w50_lp2_seed1_healthy_r2,healthy,0.0,50.0,2,1,5.0761658918127655,4.139902157360251,10.249606866120665,0.0003026969357411837,0.0002002875816315389,0.009952731689825084,0.010061347501298739,0.010119750694046015,10.964496154188565,10.94427458282169,1.4701387095215208,1.4560597977304781
20260301_204447_w50_lp2_seed1_rs_drift_p02,rs_drift,0.02,50.0,2,1,5.079528903184399,4.1437277357844975,10.252507298866853,0.017322531274826584,0.0003808912903985366,0.011670843207130655,0.015642337077083745,0.13016005525670324,10.991485120097362,10.971502571318505,1.499306632090618,1.485058551611348
20260301_204447_w50_lp2_seed1_rs_drift_p05,rs_drift,0.05,50.0,2,1,5.084739246237501,4.149636755183824,10.255076893826931,0.10668413343468428,0.0013211943048955649,0.01784473875570812,0.031666379705234594,0.32459657904819134,11.031974673119297,11.012341852107165,1.543062802331461,1.5285545508421234
20260301_204447_w50_lp2_seed1_rs_drift_p08,rs_drift,0.08,50.0,2,1,5.089950381078017,4.1555307872856995,10.257636025574818,0.27260876342594004,0.0030529766436637466,0.025619570586600186,0.048955226959150715,0.5191876219463214,11.072471472780352,11.053177887742098,1.5868235514269646,1.572048010581059
20260301_204447_w50_lp2_seed1_rs_drift_p10,rs_drift,0.1,50.0,2,1,5.093424704143748,4.159457109996253,10.259336123160423,0.4257411234109455,0.004640022268140112,0.031112950890484766,0.06059708371717567,0.648923031755543,11.099473324082439,11.08040010761995,1.6159996581301808,1.6010422501620816
20260301_204447_w50_lp2_seed1_rs_drift_p15,rs_drift,0.15,50.0,2,1,5.10211046027834,4.169249581374708,10.263564603764628,0.9572955528826324,0.010091472202174946,0.045265209039789735,0.08968017090059029,0.9732441012821282,11.166991732937248,11.148449342292139,1.688946915795116,1.673522996626371
20260301_204447_w50_lp2_seed1_rs_drift_p20,rs_drift,0.2,50.0,2,1,5.11079472689123,4.179007751756007,10.267760583430203,1.701173364651697,0.017613899532111114,0.05966812734627543,0.11854794013857756,1.2975205066277704,11.234529567164188,11.216489558765163,1.7619028485264765,1.7459968981097627
20260301_204447_w50_lp2_seed1_rs_drift_p30,rs_drift,0.3,50.0,2,1,5.1281522280018095,4.19843420884776,10.27604766664377,3.8252202100558583,0.03864513966924122,0.0887225143493194,0.1754236446912902,1.9459124004915065,11.369662364887935,11.352542993984592,1.9078361580744143,1.890924634314208
20260301_204447_w50_lp2_seed1_rs_drift_p40,rs_drift,0.4,50.0,2,1,5.145485240997685,4.217731021271342,10.284181893784222,6.796555800144683,0.06731532381096154,0.1178939511622575,0.2311197527047673,2.594077962655271,11.504869742566019,11.488560615786753,2.053793716426163,2.03582647303382
20260301_204447_w50_lp2_seed1_ld_mismatch_m20,ld_mismatch,-0.2,50.0,2,1,5.076055994309093,4.139789666733277,10.250788596272294,0.000302443897601022,0.00020119147186952038,0.010068445284592773,0.009990889921357453,0.010062426433594514,10.964496154188565,10.94427458282169,1.4701387095215208,1.4560597977304781
20260301_204447_w50_lp2_seed1_ld_mismatch_m10,ld_mismatch,-0.1,50.0,2,1,5.076055994309093,4.139789666733277,10.250788596272294,0.000302443897601022,0.00020119147186952038,0.010068445284592773,0.009990889921357453,0.010062426433594514,10.964496154188565,10.94427458282169,1.4701387095215208,1.4560597977304781
20260301_204447_w50_lp2_seed1_ld_mismatch_m05,ld_mismatch,-0.05,50.0,2,1,5.076055994309093,4.139789666733277,10.250788596272294,0.000302443897601022,0.00020119147186952038,0.010068445284592773,0.009990889921357453,0.010062426433594514,10.964496154188565,10.94427458282169,1.4701387095215208,1.4560597977304781
20260301_204447_w50_lp2_seed1_ld_mismatch_p05,ld_mismatch,0.05,50.0,2,1,5.076055994309093,4.139789666733277,10.250788596272294,0.000302443897601022,0.00020119147186952038,0.010068445284592773,0.009990889921357453,0.010062426433594514,10.964496154188565,10.94427458282169,1.4701387095215208,1.4560597977304781
20260301_204447_w50_lp2_seed1_ld_mismatch_p10,ld_mismatch,0.1,50.0,2,1,5.076055994309093,4.139789666733277,10.250788596272294,0.000302443897601022,0.00020119147186952038,0.010068445284592773,0.009990889921357453,0.010062426433594514,10.964496154188565,10.94427458282169,1.4701387095215208,1.4560597977304781
20260301_204447_w50_lp2_seed1_ld_mismatch_p20,ld_mismatch,0.2,50.0,2,1,5.076055994309093,4.139789666733277,10.250788596272294,0.000302443897601022,0.00020119147186952038,0.010068445284592773,0.009990889921357453,0.010062426433594514,10.964496154188565,10.94427458282169,1.4701387095215208,1.4560597977304781
20260301_204447_w50_lp2_seed2_healthy_r0,healthy,0.0,50.0,2,2,5.076079033649012,4.139819354526069,10.25436386712753,0.00029835510211658107,0.000199829122158361,0.01005909396710436,0.009931956036920707,0.009926025385733209,10.964496154188565,10.94427458282169,1.4701387095215208,1.4560597977304781
20260301_204447_w50_lp2_seed2_healthy_r1,healthy,0.0,50.0,2,2,5.076231177284166,4.13990290816764,10.256606750138523,0.00029855877769950086,0.00019887984432799156,0.009989484164300731,0.009954398548339146,0.009983933762375894,10.964496154188565,10.94427458282169,1.4701387095215208,1.4560597977304781
20260301_204447_w50_lp2_seed2_healthy_r2,healthy,0.0,50.0,2,2,5.076400293902289,4.1401755317701605,10.25305760183275,0.00030177319921998857,0.0002010888804916344,0.010051899093753982,0.010002409964634635,0.010034157599338085,10.964496154188565,10.94427458282169,1.4701387095215208,1.4560597977304781
20260301_204447_w50_lp2_seed2_rs_drift_p02,rs_drift,0.02,50.0,2,2,5.079552058852525,4.1437612851863665,10.25608393791596,0.017300917469872723,0.00038029680399540255,0.011731165635707618,0.015578079368875845,0.1300792860753676,10.991485120097362,10.971502571318505,1.499306632090618,1.485058551611348
20260301_204447_w50_lp2_seed2_rs_drift_p05,rs_drift,0.05,50.0,2,2,5.084762573184427,4.1496746722430755,10.258655569638016,0.10663619335506355,0.0013217811202128238,0.01795181197664549,0.03161508448459361,0.3245218208916786,11.031974673119297,11.012341852107165,1.543062802331461,1.5285545508421234
20260301_204447_w50_lp2_seed2_rs_drift_p08,rs_drift,0.08,50.0,2,2,5.089973875539884,4.1555622408101565,10.261216719169902,0.2725344524007713,0.003054781108897569,0.025741846139298613,0.0489094925984542,0.5191143142814246,11.072471472780352,11.053177887742098,1.5868235514269646,1.572048010581059
20260301_204447_w50_lp2_seed2_rs_drift_p10,rs_drift,0.1,50.0,2,2,5.093448308240694,4.15948562142912,10.262918151208197,0.42564920783380455,0.004642659109447225,0.031240076809252375,0.06055342030306163,0.648850174327138,11.099473324082439,11.08040010761995,1.6159996581301808,1.6010422501620816
20260301_204447_w50_lp2_seed2_rs_drift_p15,rs_drift,0.15,50.0,2,2,5.102134331524194,4.169283520133009,10.26714992950668,0.9571595454475268,0.010096263383068139,0.045398622725267755,0.08963943572846128,0.9731717639062791,11.166991732937248,11.148449342292139,1.688946915795116,1.673522996626371
20260301_204447_w50_lp2_seed2_rs_drift_p20,rs_drift,0.2,50.0,2,2,5.110818855709324,4.179041344370834,10.27134915045854,1.7009931547529178,0.01762095109582322,0.05980491207023452,0.1185087489938812,1.2974483433482407,11.234529567164188,11.216489558765163,1.7619028485264765,1.7459968981097627
20260301_204447_w50_lp2_seed2_rs_drift_p30,rs_drift,0.3,50.0,2,2,5.128176844789376,4.19845311670412,10.279642539389997,3.824951277512316,0.038657029875783164,0.08886369179337308,0.17538607172930112,1.9458402420642176,11.369662364887935,11.352542993984592,1.9078361580744143,1.890924634314208
20260301_204447_w50_lp2_seed2_rs_drift_p40,rs_drift,0.4,50.0,2,2,5.145510311855365,4.217722505534901,10.287782823513709,6.7961977301548,0.0673324646430744,0.11803856586282568,0.23108301887443342,2.594005640994585,11.504869742566019,11.488560615786753,2.053793716426163,2.03582647303382
20260301_204447_w50_lp2_seed2_ld_mismatch_m20,ld_mismatch,-0.2,50.0,2,2,5.076079033649012,4.139819354526069,10.25436386712753,0.00029835510211658107,0.000199829122158361,0.01005909396710436,0.009931956036920707,0.009926025385733209,10.964496154188565,10.94427458282169,1.4701387095215208,1.4560597977304781
20260301_204447_w50_lp2_seed2_ld_mismatch_m10,ld_mismatch,-0.1,50.0,2,2,5.076079033649012,4.139819354526069,10.25436386712753,0.00029835510211658107,0.000199829122158361,0.01005909396710436,0.009931956036920707,0.009926025385733209,10.964496154188565,10.94427458282169,1.4701387095215208,1.4560597977304781
20260301_204447_w50_lp2_seed2_ld_mismatch_m05,ld_mismatch,-0.05,50.0,2,2,5.076079033649012,4.139819354526069,10.25436386712753,0.00029835510211658107,0.000199829122158361,0.01005909396710436,0.009931956036920707,0.009926025385733209,10.964496154188565,10.94427458282169,1.4701387095215208,1.4560597977304781
20260301_204447_w50_lp2_seed2_ld_mismatch_p05,ld_mismatch,0.05,50.0,2,2,5.076079033649012,4.139819354526069,10.25436386712753,0.00029835510211658107,0.000199829122158361,0.01005909396710436,0.009931956036920707,0.009926025385733209,10.964496154188565,10.94427458282169,1.4701387095215208,1.4560597977304781
20260301_204447_w50_lp2_seed2_ld_mismatch_p10,ld_mismatch,0.1,50.0,2,2,5.076079033649012,4.139819354526069,10.25436386712753,0.00029835510211658107,0.000199829122158361,0.01005909396710436,0.009931956036920707,0.009926025385733209,10.964496154188565,10.94427458282169,1.4701387095215208,1.4560597977304781
20260301_204447_w50_lp2_seed2_ld_mismatch_p20,ld_mismatch,0.2,50.0,2,2,5.076079033649012,4.139819354526069,10.25436386712753,0.00029835510211658107,0.000199829122158361,0.01005909396710436,0.009931956036920707,0.009926025385733209,10.964496154188565,10.94427458282169,1.4701387095215208,1.4560597977304781
20260301_204447_w60_lp0_seed0_healthy_r0,healthy,0.0,60.0,0,0,3.751891924466545,3.2626940451455795,5.582356299561333,0.00030087305024487245,0.00020122879765109385,0.01002418497133003,0.01003715663480724,0.009982196781960299,12.975731234809484,12.969926329190336,1.4861154998282309,1.4787450428597428
20260301_204447_w60_lp0_seed0_healthy_r1,healthy,0.0,60.0,0,0,3.7516982450519283,3.262642005580703,5.578855473551229,0.0002965575254785894,0.00019678739416127323,0.00983892623643379,0.009999146197315447,0.009988499953312116,12.975731234809484,12.969926329190336,1.4861154998282309,1.4787450428597428
20260301_204447_w60_lp0_seed0_healthy_r2,healthy,0.0,60.0,0,0,3.751754449411936,3.2625928765279286,5.579191395671202,0.00029591595153927815,0.00019559356834200975,0.009869420889431523,0.009908990849186533,0.010016106189396573,12.975731234809484,12.969926329190336,1.4861154998282309,1.4787450428597428
20260301_204447_w60_lp0_seed0_rs_drift_p02,rs_drift,0.02,60.0,0,0,3.752482948909388,3.2629762972181093,5.580440601518198,0.017863857728362513,0.0003481166424224407,0.01184041980902762,0.014419469517580285,0.1323470478928037,13.003323872476711,12.997645785954678,1.5157873917419846,1.5083002246417498
20260301_204447_w60_lp0_seed0_rs_drift_p05,rs_drift,0.05,60.0,0,0,3.7534364497123343,3.2634745892706443,5.577560421827528,0.10994003749565495,0.001121942524587384,0.01871814897543581,0.027777210506470508,0.32987587812852814,13.044719406313556,13.039226726780576,1.560309242917136,1.5526369434887801
20260301_204447_w60_lp0_seed0_rs_drift_p08,rs_drift,0.08,60.0,0,0,3.7544710661819543,3.2640810435619727,5.574672319160008,0.2808988035326528,0.0025490308962629465,0.027214048970740302,0.042525597407691934,0.5275886396013374,13.086122816885183,13.080809766496982,1.6048474970135318,1.5969784163637426
20260301_204447_w60_lp0_seed0_rs_drift_p10,rs_drift,0.1,60.0,0,0,3.75520629836009,3.264543907670825,5.572742536615401,0.4386977290132354,0.0038575198872543986,0.033173067538729666,0.05250778492114554,0.6594241496381377,13.113729459347613,13.108532954869384,1.6345485866523763,1.6265420497541152
20260301_204447_w60_lp0_seed0_rs_drift_p15,rs_drift,0.15,60.0,0,0,3.7572054476567622,3.2658795370664766,5.567902843583958,0.9866007732855081,0.008354399376482718,0.04845238091012688,0.07750332999699233,0.9890633821495088,13.18276133364495,13.177844975527652,1.7088318675870509,1.7004604586664192
20260301_204447_w60_lp0_seed0_rs_drift_p20,rs_drift,0.2,60.0,0,0,3.7594378934483714,3.267511984138874,5.563041557957646,1.7536798337151493,0.014563170427381403,0.0639473943992226,0.10234207920953958,1.3187557254047346,13.25181499764515,13.247162754774187,1.783157952548875,1.774392267249422
20260301_204447_w60_lp0_seed0_rs_drift_p30,rs_drift,0.3,60.0,0,0,3.7646186397329924,3.271631105893173,5.553255152327772,3.9455051715877314,0.03193713488734734,0.09511782894809641,0.15129353424237274,1.9782740044544849,13.389987694512767,13.385815469278878,1.931935925685287,1.9222964712868913
20260301_204447_w60_lp0_seed0_rs_drift_p40,rs_drift,0.4,60.0,0,0,3.770780208457359,3.2770291696176486,5.543385383449632,7.01447979323022,0.05565306077401981,0.12633888604331717,0.1992273742419789,2.637958819325313,13.528247767186206,13.524490884200489,2.0808799627590577,2.070255436347686
20260301_204447_w60_lp0_seed0_ld_mismatch_m20,ld_mismatch,-0.2,60.0,0,0,3.751891924466545,3.2626940451455795,5.582356299561333,0.00030087305024487245,0.00020122879765109385,0.01002418497133003,0.01003715663480724,0.009982196781960299,12.975731234809484,12.969926329190336,1.4861154998282309,1.4787450428597428
20260301_204447_w60_lp0_seed0_ld_mismatch_m10,ld_mismatch,-0.1,60.0,0,0,3.751891924466545,3.2626940451455795,5.582356299561333,0.00030087305024487245,0.00020122879765109385,0.01002418497133003,0.01003715663480724,0.009982196781960299,12.975731234809484,12.969926329190336,1.4861154998282309,1.4787450428597428
20260301_204447_w60_lp0_seed0_ld_mismatch_m05,ld_mismatch,-0.05,60.0,0,0,3.751891924466545,3.2626940451455795,5.582356299561333,0.00030087305024487245,0.00020122879765109385,0.01002418497133003,0.01003715663480724,0.009982196781960299,12.975731234809484,12.969926329190336,1.4861154998282309,1.4787450428597428
20260301_204447_w60_lp0_seed0_ld_mismatch_p05,ld_mismatch,0.05,60.0,0,0,3.751891924466545,3.2626940451455795,5.582356299561333,0.00030087305024487245,0.00020122879765109385,0.01002418497133003,0.01003715663480724,0.009982196781960299,12.975731234809484,12.969926329190336,1.4861154998282309,1.4787450428597428
20260301_204447_w60_lp0_seed0_ld_mismatch_p10,ld_mismatch,0.1,60.0,0,0,3.751891924466545,3.2626940451455795,5.582356299561333,0.00030087305024487245,0.00020122879765109385,0.01002418497133003,0.01003715663480724,0.009982196781960299,12.975731234809484,12.969926329190336,1.4861154998282309,1.4787450428597428
20260301_204447_w60_lp0_seed0_ld_mismatch_p20,ld_mismatch,0.2,60.0,0,0,3.751891924466545,3.2626940451455795,5.582356299561333,0.00030087305024487245,0.00020122879765109385,0.01002418497133003,0.01003715663480724,0.009982196781960299,12.975731234809484,12.969926329190336,1.4861154998282309,1.4787450428597428
20260301_204447_w60_lp0_seed1_healthy_r0,healthy,0.0,60.0,0,1,3.751751471058743,3.262606313031516,5.575653165918531,0.000302443897601022,0.00020119147186952038,0.010068445284592773,0.009990889921357453,0.010062426433594516,12.975731234809484,12.969926329190336,1.4861154998282309,1.4787450428597428
20260301_204447_w60_lp0_seed1_healthy_r1,healthy,0.0,60.0,0,1,3.7516471317345688,3.2624973947492704,5.573364957717622,0.0002991883759621531,0.0001994740603445572,0.010056144627987929,0.009917056799552312,0.009985705564335248,12.975731234809484,12.969926329190336,1.4861154998282309,1.4787450428597428
20260301_204447_w60_lp0_seed1_healthy_r2,healthy,0.0,60.0,0,1,3.7517746045241984,3.2626817433899005,5.5766452496543835,0.0003026969357411837,0.0002002875816315389,0.009952731689825084,0.010061347501298742,0.010119750694046015,12.975731234809484,12.969926329190336,1.4861154998282309,1.4787450428597428
20260301_204447_w60_lp0_seed1_rs_drift_p02,rs_drift,0.02,60.0,0,1,3.752341757150696,3.262883825789926,5.573677625910889,0.01782853857614137,0.00035007717532428576,0.011905918416065421,0.014433512462123698,0.13220613223605432,13.003323872476711,12.997645785954678,1.5157873917419846,1.5083002246417498
20260301_204447_w60_lp0_seed1_rs_drift_p05,rs_drift,0.05,60.0,0,1,3.7532941618210156,3.263382724016795,5.570707421506214,0.1098494685523599,0.0011267833253460666,0.018785111582039948,0.027819110485354757,0.3297312318040465,13.044719406313556,13.039226726780576,1.560309242917136,1.5526369434887801
20260301_204447_w60_lp0_seed1_rs_drift_p08,rs_drift,0.08,60.0,0,1,3.7543276958546925,3.2639700227666775,5.567728977439735,0.28075308730891996,0.0025566146363592223,0.02727675782775784,0.04257455952520325,0.5274433359827013,13.086122816885183,13.080809766496982,1.6048474970135318,1.5969784163637426
20260301_204447_w60_lp0_seed1_rs_drift_p10,rs_drift,0.1,60.0,0,1,3.7550622140302723,3.26442986692341,5.565738789917923,0.43851530508396536,0.0038668573926177205,0.03323320951864004,0.05255864512816035,0.6592787329281505,13.113729459347613,13.108532954869384,1.6345485866523763,1.6265420497541152
20260301_204447_w60_lp0_seed1_rs_drift_p15,rs_drift,0.15,60.0,0,1,3.7570596050418,3.2657565713111087,5.560747457213488,0.9863267812428954,0.008367865770770685,0.04850750113174866,0.07755570968487159,0.9889180529609745,13.18276133364495,13.177844975527652,1.7088318675870509,1.7004604586664192
20260301_204447_w60_lp0_seed1_rs_drift_p20,rs_drift,0.2,60.0,0,1,3.7592903307890633,3.2673657032480605,5.555733624685118,1.7533145633117562,0.014580412148181739,0.0639987498426713,0.10239419986872751,1.3186106897653964,13.25181499764515,13.247162754774187,1.783157952548875,1.774392267249422
20260301_204447_w60_lp0_seed1_rs_drift_p30,rs_drift,0.3,60.0,0,1,3.7644677519724716,3.2715022783081893,5.546396445092427,3.9449582283378155,0.031960925689133765,0.09516344089338152,0.1513434676702818,1.9781297486890699,13.389987694512767,13.385815469278878,1.931935925685287,1.9222964712868913
20260301_204447_w60_lp0_seed1_rs_drift_p40,rs_drift,0.4,60.0,0,1,3.770626149220158,3.2769194240238795,5.53739389457742,7.013752384259366,0.05568216578296768,0.1263799380700244,0.1992743762664545,2.637815425399662,13.528247767186206,13.524490884200489,2.0808799627590577,2.070255436347686
20260301_204447_w60_lp0_seed1_ld_mismatch_m20,ld_mismatch,-0.2,60.0,0,1,3.751751471058743,3.262606313031516,5.575653165918531,0.000302443897601022,0.00020119147186952038,0.010068445284592773,0.009990889921357453,0.010062426433594516,12.975731234809484,12.969926329190336,1.4861154998282309,1.4787450428597428
20260301_204447_w60_lp0_seed1_ld_mismatch_m10,ld_mismatch,-0.1,60.0,0,1,3.751751471058743,3.262606313031516,5.575653165918531,0.000302443897601022,0.00020119147186952038,0.010068445284592773,0.009990889921357453,0.010062426433594516,12.975731234809484,12.969926329190336,1.4861154998282309,1.4787450428597428
20260301_204447_w60_lp0_seed1_ld_mismatch_m05,ld_mismatch,-0.05,60.0,0,1,3.751751471058743,3.262606313031516,5.575653165918531,0.000302443897601022,0.00020119147186952038,0.010068445284592773,0.009990889921357453,0.010062426433594516,12.975731234809484,12.969926329190336,1.4861154998282309,1.4787450428597428
20260301_204447_w60_lp0_seed1_ld_mismatch_p05,ld_mismatch,0.05,60.0,0,1,3.751751471058743,3.262606313031516,5.575653165918531,0.000302443897601022,0.00020119147186952038,0.010068445284592773,0.009990889921357453,0.010062426433594516,12.975731234809484,12.969926329190336,1.4861154998282309,1.4787450428597428
20260301_204447_w60_lp0_seed1_ld_mismatch_p10,ld_mismatch,0.1,60.0,0,1,3.751751471058743,3.262606313031516,5.575653165918531,0.000302443897601022,0.00020119147186952038,0.010068445284592773,0.009990889921357453,0.010062426433594516,12.975731234809484,12.969926329190336,1.4861154998282309,1.4787450428597428
20260301_204447_w60_lp0_seed1_ld_mismatch_p20,ld_mismatch,0.2,60.0,0,1,3.751751471058743,3.262606313031516,5.575653165918531,0.000302443897601022,0.00020119147186952038,0.010068445284592773,0.009990889921357453,0.010062426433594516,12.975731234809484,12.969926329190336,1.4861154998282309,1.4787450428597428
20260301_204447_w60_lp0_seed2_healthy_r0,healthy,0.0,60.0,0,2,3.751682449791801,3.2625532342667785,5.579505595782194,0.00029835510211658107,0.000199829122158361,0.01005909396710436,0.009931956036920707,0.009926025385733209,12.975731234809484,12.969926329190336,1.4861154998282309,1.4787450428597428
20260301_204447_w60_lp0_seed2_healthy_r1,healthy,0.0,60.0,0,2,3.7517404180987755,3.2625081420794233,5.575727828346302,0.00029855877769950086,0.00019887984432799156,0.009989484164300731,0.009954398548339146,0.009983933762375894,12.975731234809484,12.969926329190336,1.4861154998282309,1.4787450428597428
20260301_204447_w60_lp0_seed2_healthy_r2,healthy,0.0,60.0,0,2,3.7518259411204995,3.2625475173014884,5.576222339132926,0.00030177319921998857,0.00020108888049163434,0.010051899093753982,0.010002409964634636,0.010034157599338085,12.975731234809484,12.969926329190336,1.4861154998282309,1.4787450428597428
20260301_204447_w60_lp0_seed2_rs_drift_p02,rs_drift,0.02,60.0,0,2,3.7522728412654516,3.2628350853525103,5.57758156430598,0.017802521592316795,0.00034841536250392296,0.011966603157101406,0.014325354145164218,0.13211398953105938,13.003323872476711,12.997645785954678,1.5157873917419846,1.5083002246417498
20260301_204447_w60_lp0_seed2_rs_drift_p05,rs_drift,0.05,60.0,0,2,3.7532254004647516,3.263326738976474,5.574688847961298,0.1097905361062009,0.0011247192365172539,0.018889430788355022,0.027711164555269032,0.32964498611336956,13.044719406313556,13.039226726780576,1.560309242917136,1.5526369434887801
20260301_204447_w60_lp0_seed2_rs_drift_p08,rs_drift,0.08,60.0,0,2,3.7542590848901543,3.263915512109492,5.571788164476928,0.28066121408473266,0.0025542057776859815,0.027394620858451298,0.042470466511538185,0.5273585197065149,13.086122816885183,13.080809766496982,1.6048474970135318,1.5969784163637426
20260301_204447_w60_lp0_seed2_rs_drift_p10,rs_drift,0.1,60.0,0,2,3.7549937010905445,3.2643777290334772,5.5698499699851425,0.43840145853473694,0.0038642511925378147,0.033355417044578166,0.052456337522935,0.6591943623410315,13.113729459347613,13.108532954869384,1.6345485866523763,1.6265420497541152
20260301_204447_w60_lp0_seed2_rs_drift_p15,rs_drift,0.15,60.0,0,2,3.7569913295991997,3.2657106156732194,5.564989159616637,0.9861579613720356,0.008364881840223387,0.04863553350052262,0.0774562245487277,0.9888342022461664,13.18276133364495,13.177844975527652,1.7088318675870509,1.7004604586664192
20260301_204447_w60_lp0_seed2_rs_drift_p20,rs_drift,0.2,60.0,0,2,3.7592222824684236,3.2673484900033345,5.560106630137682,1.7530907199707333,0.014577217802164115,0.06413011940633626,0.10229636155354288,1.3185270198856636,13.25181499764515,13.247162754774187,1.783157952548875,1.774392267249422
20260301_204447_w60_lp0_seed2_rs_drift_p30,rs_drift,0.3,60.0,0,2,3.7644001288080693,3.271500992356569,5.5502773492438,3.944624214636753,0.03195781655992188,0.0952994982248299,0.1512475527009198,1.9780461061554735,13.389987694512767,13.385815469278878,1.931935925685287,1.9222964712868913
20260301_204447_w60_lp0_seed2_rs_drift_p40,rs_drift,0.4,60.0,0,2,3.770558915571045,3.276890321674422,5.540364174493547,7.013308065320941,0.05567981111919632,0.12651988130155106,0.19917964442843492,2.6377316493915273,13.528247767186206,13.524490884200489,2.0808799627590577,2.070255436347686
20260301_204447_w60_lp0_seed2_ld_mismatch_m20,ld_mismatch,-0.2,60.0,0,2,3.751682449791801,3.2625532342667785,5.579505595782194,0.00029835510211658107,0.000199829122158361,0.01005909396710436,0.009931956036920707,0.009926025385733209,12.975731234809484,12.969926329190336,1.4861154998282309,1.4787450428597428
20260301_204447_w60_lp0_seed2_ld_mismatch_m10,ld_mismatch,-0.1,60.0,0,2,3.751682449791801,3.2625532342667785,5.579505595782194,0.00029835510211658107,0.000199829122158361,0.01005909396710436,0.009931956036920707,0.009926025385733209,12.975731234809484,12.969926329190336,1.4861154998282309,1.4787450428597428
20260301_204447_w60_lp0_seed2_ld_mismatch_m05,ld_mismatch,-0.05,60.0,0,2,3.751682449791801,3.2625532342667785,5.579505595782194,0.00029835510211658107,0.000199829122158361,0.01005909396710436,0.009931956036920707,0.009926025385733209,12.975731234809484,12.969926329190336,1.4861154998282309,1.4787450428597428
20260301_204447_w60_lp0_seed2_ld_mismatch_p05,ld_mismatch,0.05,60.0,0,2,3.751682449791801,3.2625532342667785,5.579505595782194,0.00029835510211658107,0.000199829122158361,0.01005909396710436,0.009931956036920707,0.009926025385733209,12.975731234809484,12.969926329190336,1.4861154998282309,1.4787450428597428
20260301_204447_w60_lp0_seed2_ld_mismatch_p10,ld_mismatch,0.1,60.0,0,2,3.751682449791801,3.2625532342667785,5.579505595782194,0.00029835510211658107,0.000199829122158361,0.01005909396710436,0.009931956036920707,0.009926025385733209,12.975731234809484,12.969926329190336,1.4861154998282309,1.4787450428597428
20260301_204447_w60_lp0_seed2_ld_mismatch_p20,ld_mismatch,0.2,60.0,0,2,3.751682449791801,3.2625532342667785,5.579505595782194,0.00029835510211658107,0.000199829122158361,0.01005909396710436,0.009931956036920707,0.009926025385733209,12.975731234809484,12.969926329190336,1.4861154998282309,1.4787450428597428
20260301_204447_w60_lp1_seed0_healthy_r0,healthy,0.0,60.0,1,0,2.911957256056153,2.6985131668440663,3.641908625430389,0.00030087305024487234,0.00020122879765109385,0.01002418497133003,0.01003715663480724,0.009982196781960297,12.767153831605974,12.766103611131921,1.2835992641146114,1.280483554425886
20260301_204447_w60_lp1_seed0_healthy_r1,healthy,0.0,60.0,1,0,2.9118387745987326,2.6984326564448375,3.6350335450383326,0.0002965575254785894,0.00019678739416127323,0.00983892623643379,0.009999146197315447,0.00998849995331212,12.767153831605974,12.766103611131921,1.2835992641146114,1.280483554425886
20260301_204447_w60_lp1_seed0_healthy_r2,healthy,0.0,60.0,1,0,2.9118360698161245,2.698381863038582,3.641054852879776,0.00029591595153927815,0.00019559356834200975,0.009869420889431523,0.009908990849186533,0.010016106189396573,12.767153831605974,12.766103611131921,1.2835992641146114,1.280483554425886
20260301_204447_w60_lp1_seed0_rs_drift_p02,rs_drift,0.02,60.0,1,0,2.916294294321181,2.7046653187946044,3.6431910932364033,0.013694928607476203,0.0002949965223502683,0.011206756692922098,0.013015572472077977,0.1157580756799539,12.791146152959318,12.790144641246506,1.3092973776601646,1.3060593858798957
20260301_204447_w60_lp1_seed0_rs_drift_p05,rs_drift,0.05,60.0,1,0,2.9229067420141823,2.7140381987997606,3.6451329507340873,0.0839226988012264,0.0007905676714739571,0.016086780119151264,0.023060424472937113,0.2883264315489519,12.827140096939393,12.826209392209424,1.3478606615622761,1.344428716679991
20260301_204447_w60_lp1_seed0_rs_drift_p08,rs_drift,0.08,60.0,1,0,2.929646782698766,2.723572046523426,3.647096989600122,0.2143552560462513,0.0017069487964589786,0.022501673441636918,0.03465001426817759,0.4611380566053862,12.863140663364147,12.862277994627698,1.3864430629557145,1.3828047740580627
20260301_204447_w60_lp1_seed0_rs_drift_p10,rs_drift,0.1,60.0,1,0,2.9342106511824797,2.7300120086469377,3.6484235950868253,0.334780134301321,0.0025489443300966553,0.02710595303238018,0.04259356336705178,0.5763949947485876,12.88714475848067,12.886325871869392,1.4121751839153256,1.4083925638796182
20260301_204447_w60_lp1_seed0_rs_drift_p15,rs_drift,0.15,60.0,1,0,2.9458654410144267,2.746378797180785,3.6524901401314693,0.7530866923583919,0.005451489214166416,0.039077160339475975,0.06264554855669556,0.8646590097513733,12.947168178010534,12.946453074850934,1.476541965260814,1.4723752327461677
20260301_204447_w60_lp1_seed0_rs_drift_p20,rs_drift,0.2,60.0,1,0,2.9578675350280994,2.7631091057823944,3.6573931865320333,1.339057250063264,0.009475366998484558,0.051328539557623176,0.0827088146775546,1.153074968536209,13.007210725321677,13.006591027300269,1.5409604364581757,1.5363768600487666
20260301_204447_w60_lp1_seed0_rs_drift_p30,rs_drift,0.3,60.0,1,0,2.9828991597033765,2.7974255829814605,3.6744061820395544,3.014854961272848,0.02080471703151754,0.07611002109894074,0.12252339254132794,1.730332408597068,13.127354712737931,13.12689929016824,1.669951243641986,1.6644375367752609
20260301_204447_w60_lp1_seed0_rs_drift_p40,rs_drift,0.4,60.0,1,0,3.0092762436252145,2.8327236621271257,3.6919033136617685,5.363909131598679,0.036387659265639846,0.10102088930760346,0.16180988594378523,2.308142428952997,13.247579781225983,13.247250885337918,1.7991466769818256,1.7925756858684194
20260301_204447_w60_lp1_seed0_ld_mismatch_m20,ld_mismatch,-0.2,60.0,1,0,2.911957256056153,2.6985131668440663,3.641908625430389,0.00030087305024487234,0.00020122879765109385,0.01002418497133003,0.01003715663480724,0.009982196781960297,12.767153831605974,12.766103611131921,1.2835992641146114,1.280483554425886
20260301_204447_w60_lp1_seed0_ld_mismatch_m10,ld_mismatch,-0.1,60.0,1,0,2.911957256056153,2.6985131668440663,3.641908625430389,0.00030087305024487234,0.00020122879765109385,0.01002418497133003,0.01003715663480724,0.009982196781960297,12.767153831605974,12.766103611131921,1.2835992641146114,1.280483554425886
20260301_204447_w60_lp1_seed0_ld_mismatch_m05,ld_mismatch,-0.05,60.0,1,0,2.911957256056153,2.6985131668440663,3.641908625430389,0.00030087305024487234,0.00020122879765109385,0.01002418497133003,0.01003715663480724,0.009982196781960297,12.767153831605974,12.766103611131921,1.2835992641146114,1.280483554425886
20260301_204447_w60_lp1_seed0_ld_mismatch_p05,ld_mismatch,0.05,60.0,1,0,2.911957256056153,2.6985131668440663,3.641908625430389,0.00030087305024487234,0.00020122879765109385,0.01002418497133003,0.01003715663480724,0.009982196781960297,12.767153831605974,12.766103611131921,1.2835992641146114,1.280483554425886
20260301_204447_w60_lp1_seed0_ld_mismatch_p10,ld_mismatch,0.1,60.0,1,0,2.911957256056153,2.6985131668440663,3.641908625430389,0.00030087305024487234,0.00020122879765109385,0.01002418497133003,0.01003715663480724,0.009982196781960297,12.767153831605974,12.766103611131921,1.2835992641146114,1.280483554425886
20260301_204447_w60_lp1_seed0_ld_mismatch_p20,ld_mismatch,0.2,60.0,1,0,2.911957256056153,2.6985131668440663,3.641908625430389,0.00030087305024487234,0.00020122879765109385,0.01002418497133003,0.01003715663480724,0.009982196781960297,12.767153831605974,12.766103611131921,1.2835992641146114,1.280483554425886
20260301_204447_w60_lp1_seed1_healthy_r0,healthy,0.0,60.0,1,1,2.9118847951535427,2.6984816661041977,3.639053759433118,0.000302443897601022,0.00020119147186952043,0.010068445284592773,0.009990889921357453,0.010062426433594514,12.767153831605974,12.766103611131921,1.2835992641146114,1.280483554425886
20260301_204447_w60_lp1_seed1_healthy_r1,healthy,0.0,60.0,1,1,2.911874016446482,2.698513372047874,3.6390004705375034,0.0002991883759621531,0.0001994740603445572,0.010056144627987929,0.009917056799552312,0.009985705564335248,12.767153831605974,12.766103611131921,1.2835992641146114,1.280483554425886
20260301_204447_w60_lp1_seed1_healthy_r2,healthy,0.0,60.0,1,1,2.9118631325763524,2.698467410160701,3.637438058801557,0.0003026969357411837,0.0002002875816315389,0.009952731689825084,0.01006134750129874,0.010119750694046015,12.767153831605974,12.766103611131921,1.2835992641146114,1.280483554425886
20260301_204447_w60_lp1_seed1_rs_drift_p02,rs_drift,0.02,60.0,1,1,2.9162212213569956,2.704633973970814,3.6405401024839747,0.013666445743047118,0.00029591350769742145,0.011256591973694012,0.013007791697101739,0.11563101761789393,12.791146152959318,12.790144641246506,1.3092973776601646,1.3060593858798957
20260301_204447_w60_lp1_seed1_rs_drift_p05,rs_drift,0.05,60.0,1,1,2.922832766163177,2.7140034749430564,3.6427891437195896,0.0838492222042454,0.0007928427564074655,0.016131392921941597,0.023078581386328713,0.2881950371672592,12.827140096939393,12.826209392209424,1.3478606615622761,1.344428716679991
20260301_204447_w60_lp1_seed1_rs_drift_p08,rs_drift,0.08,60.0,1,1,2.9295719221342127,2.7235363716582595,3.6453029925598415,0.214236889963692,0.0017104957344324337,0.02253993756972849,0.03467631682842305,0.4610058505369098,12.863140663364147,12.862277994627698,1.3864430629557145,1.3828047740580627
20260301_204447_w60_lp1_seed1_rs_drift_p10,rs_drift,0.1,60.0,1,1,2.9341352108613767,2.729974512898933,3.6478180581746926,0.33463189986429226,0.0025532922801442238,0.027140926502433278,0.04262232265766072,0.5762626203252715,12.88714475848067,12.886325871869392,1.4121751839153256,1.4083925638796182
20260301_204447_w60_lp1_seed1_rs_drift_p15,rs_drift,0.15,60.0,1,1,2.9457885862781223,2.746310511875365,3.6554256499763227,0.75286399030828,0.0054576801945297685,0.039106251789758684,0.0626768000578026,0.8645266393314611,12.947168178010534,12.946453074850934,1.476541965260814,1.4723752327461677
20260301_204447_w60_lp1_seed1_rs_drift_p20,rs_drift,0.2,60.0,1,1,2.9577893154577937,2.763032724988323,3.6633198632207424,1.3387603716744128,0.009483181262162684,0.05135361257225414,0.08274048427427473,1.1529428391781833,13.007210725321677,13.006591027300269,1.5409604364581757,1.5363768600487666
20260301_204447_w60_lp1_seed1_rs_drift_p30,rs_drift,0.3,60.0,1,1,2.9828183570958795,2.797372584033402,3.67944234138389,3.014410609676282,0.020815160082013954,0.07612948961862658,0.12255391014741791,1.7302009853176792,13.127354712737931,13.12689929016824,1.669951243641986,1.6644375367752609
20260301_204447_w60_lp1_seed1_rs_drift_p40,rs_drift,0.4,60.0,1,1,3.0091930495985517,2.8326454082986015,3.696033921923707,5.363318490426914,0.036399977245799485,0.10103625522341643,0.16183835261219182,2.308011809584413,13.247579781225983,13.247250885337918,1.7991466769818256,1.7925756858684194
20260301_204447_w60_lp1_seed1_ld_mismatch_m20,ld_mismatch,-0.2,60.0,1,1,2.9118847951535427,2.6984816661041977,3.639053759433118,0.000302443897601022,0.00020119147186952043,0.010068445284592773,0.009990889921357453,0.010062426433594514,12.767153831605974,12.766103611131921,1.2835992641146114,1.280483554425886
20260301_204447_w60_lp1_seed1_ld_mismatch_m10,ld_mismatch,-0.1,60.0,1,1,2.9118847951535427,2.6984816661041977,3.639053759433118,0.000302443897601022,0.00020119147186952043,0.010068445284592773,0.009990889921357453,0.010062426433594514,12.767153831605974,12.766103611131921,1.2835992641146114,1.280483554425886
20260301_204447_w60_lp1_seed1_ld_mismatch_m05,ld_mismatch,-0.05,60.0,1,1,2.9118847951535427,2.6984816661041977,3.639053759433118,0.000302443897601022,0.00020119147186952043,0.010068445284592773,0.009990889921357453,0.010062426433594514,12.767153831605974,12.766103611131921,1.2835992641146114,1.280483554425886
20260301_204447_w60_lp1_seed1_ld_mismatch_p05,ld_mismatch,0.05,60.0,1,1,2.9118847951535427,2.6984816661041977,3.639053759433118,0.000302443897601022,0.00020119147186952043,0.010068445284592773,0.009990889921357453,0.010062426433594514,12.767153831605974,12.766103611131921,1.2835992641146114,1.280483554425886
20260301_204447_w60_lp1_seed1_ld_mismatch_p10,ld_mismatch,0.1,60.0,1,1,2.9118847951535427,2.6984816661041977,3.639053759433118,0.000302443897601022,0.00020119147186952043,0.010068445284592773,0.009990889921357453,0.010062426433594514,12.767153831605974,12.766103611131921,1.2835992641146114,1.280483554425886
20260301_204447_w60_lp1_seed1_ld_mismatch_p20,ld_mismatch,0.2,60.0,1,1,2.9118847951535427,2.6984816661041977,3.639053759433118,0.000302443897601022,0.00020119147186952043,0.010068445284592773,0.009990889921357453,0.010062426433594514,12.767153831605974,12.766103611131921,1.2835992641146114,1.280483554425886
20260301_204447_w60_lp1_seed2_healthy_r0,healthy,0.0,60.0,1,2,2.911773217400846,2.698331248681794,3.64338113257066,0.0002983551021165811,0.000199829122158361,0.01005909396710436,0.009931956036920707,0.009926025385733209,12.767153831605974,12.766103611131921,1.2835992641146114,1.280483554425886
20260301_204447_w60_lp1_seed2_healthy_r1,healthy,0.0,60.0,1,2,2.9118286150567005,2.6984232011199674,3.6462212142281274,0.00029855877769950086,0.00019887984432799156,0.009989484164300731,0.009954398548339146,0.009983933762375894,12.767153831605974,12.766103611131921,1.2835992641146114,1.280483554425886
20260301_204447_w60_lp1_seed2_healthy_r2,healthy,0.0,60.0,1,2,2.9119425710227786,2.69853537992038,3.63677239635399,0.0003017731992199886,0.00020108888049163434,0.010051899093753982,0.010002409964634636,0.010034157599338085,12.767153831605974,12.766103611131921,1.2835992641146114,1.280483554425886
20260301_204447_w60_lp1_seed2_rs_drift_p02,rs_drift,0.02,60.0,1,2,2.9161099038711678,2.7044696711809135,3.645629333123132,0.013642670047137637,0.0002942823440833792,0.011313105358546004,0.012895580298296653,0.1155352227809955,12.791146152959318,12.790144641246506,1.3092973776601646,1.3060593858798957
20260301_204447_w60_lp1_seed2_rs_drift_p05,rs_drift,0.05,60.0,1,2,2.9227218370345334,2.713835514202915,3.6490263308817035,0.08379587857005641,0.0007908323990121808,0.016239150853758724,0.022959145858699712,0.2881059634423491,12.827140096939393,12.826209392209424,1.3478606615622761,1.344428716679991
20260301_204447_w60_lp1_seed2_rs_drift_p08,rs_drift,0.08,60.0,1,2,2.929461378950746,2.723361481753365,3.6524534355135785,0.21415393487384085,0.001708135778030309,0.022666509437776556,0.03455958807534452,0.4609184299806317,12.863140663364147,12.862277994627698,1.3864430629557145,1.3828047740580627
20260301_204447_w60_lp1_seed2_rs_drift_p10,rs_drift,0.1,60.0,1,2,2.9340249236550555,2.7298070038930304,3.6547551637952083,0.33452918042219837,0.0025507160494934685,0.027273664048698604,0.042507214668244184,0.5761757235190536,12.88714475848067,12.886325871869392,1.4121751839153256,1.4083925638796182
20260301_204447_w60_lp1_seed2_rs_drift_p15,rs_drift,0.15,60.0,1,2,2.9456789344759016,2.746184484439394,3.660570144530695,0.7527117811660272,0.0054546232001104105,0.039246867650850524,0.06256441943874357,0.8644403727070578,12.947168178010534,12.946453074850934,1.476541965260814,1.4723752327461677
20260301_204447_w60_lp1_seed2_rs_drift_p20,rs_drift,0.2,60.0,1,2,2.957680292696176,2.7629197899119577,3.6664738717385816,1.338558564581192,0.009479730402581193,0.05149822933619001,0.08262967250218514,1.1528568142569184,13.007210725321677,13.006591027300269,1.5409604364581757,1.5363768600487666
20260301_204447_w60_lp1_seed2_rs_drift_p30,rs_drift,0.3,60.0,1,2,2.982710573817336,2.7972541968690865,3.678558404551218,3.0141092984190325,0.020811184421351367,0.07627892588786854,0.1224447217594308,1.7301150580229285,13.127354712737931,13.12689929016824,1.669951243641986,1.6644375367752609
20260301_204447_w60_lp1_seed2_rs_drift_p40,rs_drift,0.4,60.0,1,2,3.009086481607322,2.832532880791619,3.691031365759997,5.362917281533551,0.03639582325539409,0.10118920651145893,0.16172992221903593,2.307925791328256,13.247579781225983,13.247250885337918,1.7991466769818256,1.7925756858684194
20260301_204447_w60_lp1_seed2_ld_mismatch_m20,ld_mismatch,-0.2,60.0,1,2,2.911773217400846,2.698331248681794,3.64338113257066,0.0002983551021165811,0.000199829122158361,0.01005909396710436,0.009931956036920707,0.009926025385733209,12.767153831605974,12.766103611131921,1.2835992641146114,1.280483554425886
20260301_204447_w60_lp1_seed2_ld_mismatch_m10,ld_mismatch,-0.1,60.0,1,2,2.911773217400846,2.698331248681794,3.64338113257066,0.0002983551021165811,0.000199829122158361,0.01005909396710436,0.009931956036920707,0.009926025385733209,12.767153831605974,12.766103611131921,1.2835992641146114,1.280483554425886
20260301_204447_w60_lp1_seed2_ld_mismatch_m05,ld_mismatch,-0.05,60.0,1,2,2.911773217400846,2.698331248681794,3.64338113257066,0.0002983551021165811,0.000199829122158361,0.01005909396710436,0.009931956036920707,0.009926025385733209,12.767153831605974,12.766103611131921,1.2835992641146114,1.280483554425886
20260301_204447_w60_lp1_seed2_ld_mismatch_p05,ld_mismatch,0.05,60.0,1,2,2.911773217400846,2.698331248681794,3.64338113257066,0.0002983551021165811,0.000199829122158361,0.01005909396710436,0.009931956036920707,0.009926025385733209,12.767153831605974,12.766103611131921,1.2835992641146114,1.280483554425886
20260301_204447_w60_lp1_seed2_ld_mismatch_p10,ld_mismatch,0.1,60.0,1,2,2.911773217400846,2.698331248681794,3.64338113257066,0.0002983551021165811,0.000199829122158361,0.01005909396710436,0.009931956036920707,0.009926025385733209,12.767153831605974,12.766103611131921,1.2835992641146114,1.280483554425886
20260301_204447_w60_lp1_seed2_ld_mismatch_p20,ld_mismatch,0.2,60.0,1,2,2.911773217400846,2.698331248681794,3.64338113257066,0.0002983551021165811,0.000199829122158361,0.01005909396710436,0.009931956036920707,0.009926025385733209,12.767153831605974,12.766103611131921,1.2835992641146114,1.280483554425886
20260301_204447_w60_lp2_seed0_healthy_r0,healthy,0.0,60.0,2,0,4.607519635502186,3.983137221426805,8.784275652382306,0.00030087305024487256,0.00020122879765109385,0.01002418497133003,0.01003715663480724,0.009982196781960308,13.34904962969328,13.330020478850894,1.4727513655565352,1.4594605824323552
20260301_204447_w60_lp2_seed0_healthy_r1,healthy,0.0,60.0,2,0,4.607129843778242,3.9828048858825698,8.797921414875638,0.0002965575254785896,0.00019678739416127323,0.00983892623643379,0.009999146197315447,0.009988499953312129,13.34904962969328,13.330020478850894,1.4727513655565352,1.4594605824323552
20260301_204447_w60_lp2_seed0_healthy_r2,healthy,0.0,60.0,2,0,4.607290360366376,3.9828290787155223,8.79143292261174,0.0002959159515392773,0.00019559356834200975,0.009869420889431523,0.009908990849186533,0.010016106189396532,13.34904962969328,13.330020478850894,1.4727513655565352,1.4594605824323552
20260301_204447_w60_lp2_seed0_rs_drift_p02,rs_drift,0.02,60.0,2,0,4.607899393058999,3.9836701766140408,8.785574687596913,0.017126509558969712,0.00039250254224983973,0.012096347206216603,0.01569015380792985,0.12935999001515064,13.376236561511728,13.357402780914015,1.502005634134644,1.4885793020213507
20260301_204447_w60_lp2_seed0_rs_drift_p05,rs_drift,0.05,60.0,2,0,4.608467897391213,3.9844550909291896,8.78751185529444,0.10531175612165634,0.0013990557345830786,0.019704165857511235,0.03179310589487549,0.32235492921168934,13.417021660812788,13.398474138316999,1.5458914762986753,1.5322558234449333
20260301_204447_w60_lp2_seed0_rs_drift_p08,rs_drift,0.08,60.0,2,0,4.609034567704671,3.9852356671862306,8.789435023315185,0.26899749201763534,0.003254611162932071,0.028932251958699466,0.04916844475403308,0.515502551744124,13.457812350256175,13.439542981031686,1.589782021090345,1.5759304989113123
20260301_204447_w60_lp2_seed0_rs_drift_p10,rs_drift,0.1,60.0,2,0,4.609411071612198,3.985750645539179,8.790709166400177,0.42004649725009197,0.00495552052056143,0.035365820464989824,0.060866897928180445,0.6442755441032435,13.48500922230785,13.466920813162917,1.6190446986134466,1.6050459371761094
20260301_204447_w60_lp2_seed0_rs_drift_p15,rs_drift,0.15,60.0,2,0,4.6103467763598145,3.9870129149046303,8.793865773798188,0.9443231618942627,0.010798826571289454,0.05180255228111318,0.09008508282980036,0.9661906309434869,13.55301207481212,13.535360512793835,1.6922084233003953,1.6778310518851023
20260301_204447_w60_lp2_seed0_rs_drift_p20,rs_drift,0.2,60.0,2,0,4.611272754582795,3.9882407854659947,8.796979792567562,1.677964536004984,0.018862178895324953,0.06842916560992336,0.11907824397955587,1.2880614725662975,13.621030015896677,13.603793257697163,1.7653807440314386,1.7506113032470507
20260301_204447_w60_lp2_seed0_rs_drift_p30,rs_drift,0.3,60.0,2,0,4.613087115030286,3.990639849918762,8.803072153718318,3.772653992025276,0.04140377844937712,0.10181094345946505,0.17617692879963234,1.9316444324916267,13.757110516521166,13.740638017604878,1.9117461241161595,1.896157797726604
20260301_204447_w60_lp2_seed0_rs_drift_p40,rs_drift,0.4,60.0,2,0,4.61483853386886,3.9929327110380948,8.80896968434596,6.702779369462145,0.07212771888099223,0.13518419406053706,0.23206238936371246,2.5750051748649265,13.893249712077042,13.877455460679938,2.0581343815506257,2.041686666997543
20260301_204447_w60_lp2_seed0_ld_mismatch_m20,ld_mismatch,-0.2,60.0,2,0,4.607519635502186,3.983137221426805,8.784275652382306,0.00030087305024487256,0.00020122879765109385,0.01002418497133003,0.01003715663480724,0.009982196781960308,13.34904962969328,13.330020478850894,1.4727513655565352,1.4594605824323552
20260301_204447_w60_lp2_seed0_ld_mismatch_m10,ld_mismatch,-0.1,60.0,2,0,4.607519635502186,3.983137221426805,8.784275652382306,0.00030087305024487256,0.00020122879765109385,0.01002418497133003,0.01003715663480724,0.009982196781960308,13.34904962969328,13.330020478850894,1.4727513655565352,1.4594605824323552
20260301_204447_w60_lp2_seed0_ld_mismatch_m05,ld_mismatch,-0.05,60.0,2,0,4.607519635502186,3.983137221426805,8.784275652382306,0.00030087305024487256,0.00020122879765109385,0.01002418497133003,0.01003715663480724,0.009982196781960308,13.34904962969328,13.330020478850894,1.4727513655565352,1.4594605824323552
20260301_204447_w60_lp2_seed0_ld_mismatch_p05,ld_mismatch,0.05,60.0,2,0,4.607519635502186,3.983137221426805,8.784275652382306,0.00030087305024487256,0.00020122879765109385,0.01002418497133003,0.01003715663480724,0.009982196781960308,13.34904962969328,13.330020478850894,1.4727513655565352,1.4594605824323552
20260301_204447_w60_lp2_seed0_ld_mismatch_p10,ld_mismatch,0.1,60.0,2,0,4.607519635502186,3.983137221426805,8.784275652382306,0.00030087305024487256,0.00020122879765109385,0.01002418497133003,0.01003715663480724,0.009982196781960308,13.34904962969328,13.330020478850894,1.4727513655565352,1.4594605824323552
20260301_204447_w60_lp2_seed0_ld_mismatch_p20,ld_mismatch,0.2,60.0,2,0,4.607519635502186,3.983137221426805,8.784275652382306,0.00030087305024487256,0.00020122879765109385,0.01002418497133003,0.01003715663480724,0.009982196781960308,13.34904962969328,13.330020478850894,1.4727513655565352,1.4594605824323552
20260301_204447_w60_lp2_seed1_healthy_r0,healthy,0.0,60.0,2,1,4.607204678800626,3.982796292855164,8.783759757179759,0.00030244389760102243,0.00020119147186952043,0.010068445284592773,0.009990889921357455,0.010062426433594533,13.34904962969328,13.330020478850894,1.4727513655565352,1.4594605824323552
20260301_204447_w60_lp2_seed1_healthy_r1,healthy,0.0,60.0,2,1,4.607138097703615,3.9827376088043827,8.791610071525191,0.0002991883759621526,0.0001994740603445572,0.010056144627987929,0.009917056799552312,0.009985705564335222,13.34904962969328,13.330020478850894,1.4727513655565352,1.4594605824323552
20260301_204447_w60_lp2_seed1_healthy_r2,healthy,0.0,60.0,2,1,4.607289808121524,3.982975735426812,8.781922837315683,0.00030269693574118254,0.0002002875816315389,0.009952731689825084,0.01006134750129874,0.010119750694045958,13.34904962969328,13.330020478850894,1.4727513655565352,1.4594605824323552
20260301_204447_w60_lp2_seed1_rs_drift_p02,rs_drift,0.02,60.0,2,1,4.607583585222953,3.983330718935195,8.785060406655766,0.017086843856068144,0.0003942072584740316,0.012160371364564326,0.015694987312830665,0.1291999868327939,13.376236561511728,13.357402780914015,1.502005634134644,1.4885793020213507
20260301_204447_w60_lp2_seed1_rs_drift_p05,rs_drift,0.05,60.0,2,1,4.608150821262698,3.9841182405816493,8.78699997068258,0.10521042358230911,0.0014032644383119833,0.01976773710216826,0.03181982099527814,0.3221911841500278,13.417021660812788,13.398474138316999,1.5458914762986753,1.5322558234449333
20260301_204447_w60_lp2_seed1_rs_drift_p08,rs_drift,0.08,60.0,2,1,4.608716233330084,3.984894965850611,8.788925504442268,0.2688347188282479,0.0032611953657629656,0.028991293705323665,0.04920061234430549,0.5153382612056716,13.457812350256175,13.439542981031686,1.589782021090345,1.5759304989113123
20260301_204447_w60_lp2_seed1_rs_drift_p10,rs_drift,0.1,60.0,2,1,4.6090919039625105,3.9854096190368473,8.790201207402163,0.4198428896614417,0.004963618392478194,0.035422362110058225,0.06090053082709629,0.6441112258523085,13.48500922230785,13.466920813162917,1.6190446986134466,1.6050459371761094
20260301_204447_w60_lp2_seed1_rs_drift_p15,rs_drift,0.15,60.0,2,1,4.610025544850331,3.986679209210688,8.79336165270503,0.9440179112686732,0.010810469932675924,0.051854422543917714,0.0901198579410374,0.9660266255833725,13.55301207481212,13.535360512793835,1.6922084233003953,1.6778310518851023
20260301_204447_w60_lp2_seed1_rs_drift_p20,rs_drift,0.2,60.0,2,1,4.610949486618319,3.987918023846754,8.796479418877553,1.6775582786195642,0.018877037968143766,0.06847766247259737,0.11911275208991183,1.2878979931079249,13.621030015896677,13.603793257697163,1.7653807440314386,1.7506113032470507
20260301_204447_w60_lp2_seed1_rs_drift_p30,rs_drift,0.3,60.0,2,1,4.612759855305386,3.990329459616823,8.80257899192135,3.7720476489255974,0.04142413757880182,0.10185444689070383,0.17620956054479736,1.9314822058064098,13.757110516521166,13.740638017604878,1.9117461241161595,1.896157797726604
20260301_204447_w60_lp2_seed1_rs_drift_p40,rs_drift,0.4,60.0,2,1,4.6145073887749035,3.9926170289420013,8.808483337927768,6.70197554445139,0.07215243523643552,0.1352238381486214,0.23209254368202134,2.574844288343463,13.893249712077042,13.877455460679938,2.0581343815506257,2.041686666997543
20260301_204447_w60_lp2_seed1_ld_mismatch_m20,ld_mismatch,-0.2,60.0,2,1,4.607204678800626,3.982796292855164,8.783759757179759,0.00030244389760102243,0.00020119147186952043,0.010068445284592773,0.009990889921357455,0.010062426433594533,13.34904962969328,13.330020478850894,1.4727513655565352,1.4594605824323552
20260301_204447_w60_lp2_seed1_ld_mismatch_m10,ld_mismatch,-0.1,60.0,2,1,4.607204678800626,3.982796292855164,8.783759757179759,0.00030244389760102243,0.00020119147186952043,0.010068445284592773,0.009990889921357455,0.010062426433594533,13.34904962969328,13.330020478850894,1.4727513655565352,1.4594605824323552
20260301_204447_w60_lp2_seed1_ld_mismatch_m05,ld_mismatch,-0.05,60.0,2,1,4.607204678800626,3.982796292855164,8.783759757179759,0.00030244389760102243,0.00020119147186952043,0.010068445284592773,0.009990889921357455,0.010062426433594533,13.34904962969328,13.330020478850894,1.4727513655565352,1.4594605824323552
20260301_204447_w60_lp2_seed1_ld_mismatch_p05,ld_mismatch,0.05,60.0,2,1,4.607204678800626,3.982796292855164,8.783759757179759,0.00030244389760102243,0.00020119147186952043,0.010068445284592773,0.009990889921357455,0.010062426433594533,13.34904962969328,13.330020478850894,1.4727513655565352,1.4594605824323552
20260301_204447_w60_lp2_seed1_ld_mismatch_p10,ld_mismatch,0.1,60.0,2,1,4.607204678800626,3.982796292855164,8.783759757179759,0.00030244389760102243,0.00020119147186952043,0.010068445284592773,0.009990889921357455,0.010062426433594533,13.34904962969328,13.330020478850894,1.4727513655565352,1.4594605824323552
20260301_204447_w60_lp2_seed1_ld_mismatch_p20,ld_mismatch,0.2,60.0,2,1,4.607204678800626,3.982796292855164,8.783759757179759,0.00030244389760102243,0.00020119147186952043,0.010068445284592773,0.009990889921357455,0.010062426433594533,13.34904962969328,13.330020478850894,1.4727513655565352,1.4594605824323552
20260301_204447_w60_lp2_seed2_healthy_r0,healthy,0.0,60.0,2,2,4.607250879335665,3.9828418317916796,8.786978399132131,0.00029835510211658145,0.000199829122158361,0.01005909396710436,0.009931956036920707,0.009926025385733226,13.34904962969328,13.330020478850894,1.4727513655565352,1.4594605824323552
20260301_204447_w60_lp2_seed2_healthy_r1,healthy,0.0,60.0,2,2,4.6074072754705835,3.9829890438980105,8.790291197419421,0.00029855877769950157,0.00019887984432799156,0.009989484164300731,0.009954398548339146,0.00998393376237593,13.34904962969328,13.330020478850894,1.4727513655565352,1.4594605824323552
20260301_204447_w60_lp2_seed2_healthy_r2,healthy,0.0,60.0,2,2,4.607521760998513,3.983046048081195,8.786207080772343,0.00030177319921998895,0.0002010888804916344,0.010051899093753982,0.010002409964634636,0.010034157599338102,13.34904962969328,13.330020478850894,1.4727513655565352,1.4594605824323552
20260301_204447_w60_lp2_seed2_rs_drift_p02,rs_drift,0.02,60.0,2,2,4.607629948768341,3.9833688372897997,8.788280122857358,0.01706549803128682,0.00039354808636461475,0.012219707973350261,0.015627758105712243,0.12911990530093415,13.376236561511728,13.357402780914015,1.502005634134644,1.4885793020213507
20260301_204447_w60_lp2_seed2_rs_drift_p05,rs_drift,0.05,60.0,2,2,4.608197425930338,3.984151859483421,8.790221281527586,0.10516314720551204,0.0014036876191378226,0.019866668562742884,0.031764809134574475,0.32211715195930535,13.417021660812788,13.398474138316999,1.5458914762986753,1.5322558234449333
20260301_204447_w60_lp2_seed2_rs_drift_p08,rs_drift,0.08,60.0,2,2,4.608763075147747,3.98494070609947,8.792148389510587,0.2687614600614588,0.0032627352238651843,0.02910185600710985,0.04915096337618041,0.5152656837376166,13.457812350256175,13.439542981031686,1.589782021090345,1.5759304989113123
20260301_204447_w60_lp2_seed2_rs_drift_p10,rs_drift,0.1,60.0,2,2,4.6091389017268165,3.985457529114733,8.793425130414882,0.41975228156932537,0.004965922332397217,0.03553660229745425,0.060852873634281116,0.6440390975996164,13.48500922230785,13.466920813162917,1.6190446986134466,1.6050459371761094
20260301_204447_w60_lp2_seed2_rs_drift_p15,rs_drift,0.15,60.0,2,2,4.610072925167578,3.986732481648474,8.796588129337728,0.9438838367345114,0.010814754628364958,0.05197357029653343,0.09007498331388275,0.9659550103944523,13.55301207481212,13.535360512793835,1.6922084233003953,1.6778310518851023
20260301_204447_w60_lp2_seed2_rs_drift_p20,rs_drift,0.2,60.0,2,2,4.61099723940315,3.9879666913134897,8.799708388719381,1.6773806100244473,0.018883406283564302,0.06859961644420946,0.11906930295954389,1.2878265425673143,13.621030015896677,13.603793257697163,1.7653807440314386,1.7506113032470507
20260301_204447_w60_lp2_seed2_rs_drift_p30,rs_drift,0.3,60.0,2,2,4.612808324448792,3.9903787376826627,8.805812759338863,3.7717824279901295,0.04143498524778144,0.10198034086610915,0.17616752062912627,1.9314107390046138,13.757110516521166,13.740638017604878,1.9117461241161595,1.896157797726604
20260301_204447_w60_lp2_seed2_rs_drift_p40,rs_drift,0.4,60.0,2,2,4.614556538694713,3.9926673719302808,8.811721638260458,6.701622300463487,0.07216817153201459,0.1353529978180041,0.23205115279544286,2.5747726363567467,13.893249712077042,13.877455460679938,2.0581343815506257,2.041686666997543
20260301_204447_w60_lp2_seed2_ld_mismatch_m20,ld_mismatch,-0.2,60.0,2,2,4.607250879335665,3.9828418317916796,8.786978399132131,0.00029835510211658145,0.000199829122158361,0.01005909396710436,0.009931956036920707,0.009926025385733226,13.34904962969328,13.330020478850894,1.4727513655565352,1.4594605824323552
20260301_204447_w60_lp2_seed2_ld_mismatch_m10,ld_mismatch,-0.1,60.0,2,2,4.607250879335665,3.9828418317916796,8.786978399132131,0.00029835510211658145,0.000199829122158361,0.01005909396710436,0.009931956036920707,0.009926025385733226,13.34904962969328,13.330020478850894,1.4727513655565352,1.4594605824323552
20260301_204447_w60_lp2_seed2_ld_mismatch_m05,ld_mismatch,-0.05,60.0,2,2,4.607250879335665,3.9828418317916796,8.786978399132131,0.00029835510211658145,0.000199829122158361,0.01005909396710436,0.009931956036920707,0.009926025385733226,13.34904962969328,13.330020478850894,1.4727513655565352,1.4594605824323552
20260301_204447_w60_lp2_seed2_ld_mismatch_p05,ld_mismatch,0.05,60.0,2,2,4.607250879335665,3.9828418317916796,8.786978399132131,0.00029835510211658145,0.000199829122158361,0.01005909396710436,0.009931956036920707,0.009926025385733226,13.34904962969328,13.330020478850894,1.4727513655565352,1.4594605824323552
20260301_204447_w60_lp2_seed2_ld_mismatch_p10,ld_mismatch,0.1,60.0,2,2,4.607250879335665,3.9828418317916796,8.786978399132131,0.00029835510211658145,0.000199829122158361,0.01005909396710436,0.009931956036920707,0.009926025385733226,13.34904962969328,13.330020478850894,1.4727513655565352,1.4594605824323552
20260301_204447_w60_lp2_seed2_ld_mismatch_p20,ld_mismatch,0.2,60.0,2,2,4.607250879335665,3.9828418317916796,8.786978399132131,0.00029835510211658145,0.000199829122158361,0.01005909396710436,0.009931956036920707,0.009926025385733226,13.34904962969328,13.330020478850894,1.4727513655565352,1.4594605824323552
